bin,bin_lower,bin_upper,mean_predicted,observed_frequency,count
0,0.0,0.1,0.042195439521964195,0.03566115526841501,23527
1,0.1,0.2,0.14467535181263708,0.15149530670159353,9162
2,0.2,0.3,0.24614122182007941,0.26064610866372984,5448
3,0.3,0.4,0.34559015075039234,0.33894436519258203,3505
4,0.4,0.5,0.4467092456737521,0.4506307090039147,2299
5,0.5,0.6,0.5454407552949848,0.5378657487091222,1162
6,0.6,0.7,0.6436558924444202,0.6460176991150443,678
7,0.7,0.8,0.7219504766672317,0.7433628318584071,113
8,0.8,0.9,0.800706132486813,1.0,1
