scenario,dataset_variant,split,train_rows,test_rows,seen_test_rows,seen_test_share,model,test_subset,test_prevalence,accuracy,precision,recall,specificity,f1,roc_auc,pr_auc,brier_score,n,true_negatives,false_positives,false_negatives,true_positives
unique_grouped,unique_profile_v1,grouped,183579,45895,0,0.0,logistic_regression,all,0.15293604967861424,0.8516396121581872,0.5542916235780765,0.15272830887590824,0.9778269369276674,0.23947280241259913,0.8096336977164901,0.41446937683215695,0.10749853182984548,45895,38014,862,5947,1072
unique_grouped,unique_profile_v1,grouped,183579,45895,0,0.0,logistic_regression,unseen_in_training,0.15293604967861424,0.8516396121581872,0.5542916235780765,0.15272830887590824,0.9778269369276674,0.23947280241259913,0.8096336977164901,0.41446937683215695,0.10749853182984548,45895,38014,862,5947,1072
unique_grouped,unique_profile_v1,grouped,183579,45895,0,0.0,random_forest,all,0.15293604967861424,0.8496350364963504,0.5240032546786005,0.18350192335090468,0.9699043111431217,0.27181597551967923,0.7894954724407803,0.3963257050989879,0.11038981368894489,45895,37706,1170,5731,1288
unique_grouped,unique_profile_v1,grouped,183579,45895,0,0.0,random_forest,unseen_in_training,0.15293604967861424,0.8496350364963504,0.5240032546786005,0.18350192335090468,0.9699043111431217,0.27181597551967923,0.7894954724407803,0.3963257050989879,0.11038981368894489,45895,37706,1170,5731,1288
unique_grouped,unique_profile_v1,grouped,183579,45895,0,0.0,gradient_boosting,all,0.15293604967861424,0.8545157424556051,0.5875127942681678,0.1635560621171107,0.9792674143430394,0.2558787473531706,0.8185076295711753,0.4411537048451647,0.10507639632189014,45895,38070,806,5871,1148
unique_grouped,unique_profile_v1,grouped,183579,45895,0,0.0,gradient_boosting,unseen_in_training,0.15293604967861424,0.8545157424556051,0.5875127942681678,0.1635560621171107,0.9792674143430394,0.2558787473531706,0.8185076295711753,0.4411537048451647,0.10507639632189014,45895,38070,806,5871,1148
unique_random,unique_profile_v1,random,183579,45895,502,0.010938010676544286,logistic_regression,all,0.15293604967861424,0.8505283799978212,0.5397698849424712,0.15372560193759796,0.976335013890318,0.2392991794189399,0.8101892136847084,0.4142018188774394,0.10740452782171815,45895,37956,920,5940,1079
unique_random,unique_profile_v1,random,183579,45895,502,0.010938010676544286,logistic_regression,seen_in_training,0.48406374501992033,0.5159362549800797,0.0,0.0,1.0,0.0,0.527495749717972,0.5003756060364257,0.3685274700433771,502,259,0,243,0
unique_random,unique_profile_v1,random,183579,45895,502,0.010938010676544286,logistic_regression,unseen_in_training,0.14927411715462738,0.8542286255590069,0.5397698849424712,0.15923848878394334,0.9761762954139369,0.24592592592592594,0.817064724707408,0.4168821740258451,0.10451677603189874,45393,37697,920,5697,1079
unique_random,unique_profile_v1,random,183579,45895,502,0.010938010676544286,random_forest,all,0.15293604967861424,0.8425754439481425,0.46210448859455483,0.17894286935460893,0.9623932503343965,0.25798500564855703,0.7781867843577926,0.3575494268973012,0.11406421179122196,45895,37414,1462,5763,1256
unique_random,unique_profile_v1,random,183579,45895,502,0.010938010676544286,random_forest,seen_in_training,0.48406374501992033,0.0,0.0,0.0,0.0,0.0,0.0,0.3009725128573238,0.6730623112194082,502,0,259,243,0
unique_random,unique_profile_v1,random,183579,45895,502,0.010938010676544286,random_forest,unseen_in_training,0.14927411715462738,0.8518934637499174,0.5107767385115901,0.18536009445100354,0.9688479167206153,0.2720086626962642,0.7968590098432525,0.3918690743632192,0.10788226642711407,45393,37414,1203,5520,1256
unique_random,unique_profile_v1,random,183579,45895,502,0.010938010676544286,gradient_boosting,all,0.15293604967861424,0.8552129861640702,0.5935935935935935,0.16896993873771193,0.9791130774771067,0.2630586669624044,0.8189205559979548,0.44618741648554416,0.10477753441114786,45895,38064,812,5833,1186
unique_random,unique_profile_v1,random,183579,45895,502,0.010938010676544286,gradient_boosting,seen_in_training,0.48406374501992033,0.5139442231075697,0.0,0.0,0.9961389961389961,0.0,0.5293626960293627,0.5056678865052492,0.3632397341282805,502,258,1,243,0
unique_random,unique_profile_v1,random,183579,45895,502,0.010938010676544286,gradient_boosting,unseen_in_training,0.14927411715462738,0.8589870684907365,0.5938908362543815,0.17502951593860686,0.9789988865007639,0.2703750142482617,0.8255167165674078,0.44949219499588394,0.10191920770310917,45393,37806,811,5590,1186
full_grouped,full_clean_v1,grouped,202943,50737,0,0.0,logistic_regression,all,0.1393460393795455,0.8638468967420226,0.5395121951219513,0.15643564356435644,0.9783818444134014,0.2425438596491228,0.8219552493347735,0.40554177907547895,0.0989327244102067,50737,42723,944,5964,1106
full_grouped,full_clean_v1,grouped,202943,50737,0,0.0,logistic_regression,unseen_in_training,0.1393460393795455,0.8638468967420226,0.5395121951219513,0.15643564356435644,0.9783818444134014,0.2425438596491228,0.8219552493347735,0.40554177907547895,0.0989327244102067,50737,42723,944,5964,1106
full_grouped,full_clean_v1,grouped,202943,50737,0,0.0,random_forest,all,0.1393460393795455,0.8627431657370361,0.5216680294358136,0.18048090523338048,0.973206311402203,0.2681799075241698,0.803846874550673,0.38924267365496795,0.1012962064551372,50737,42497,1170,5794,1276
full_grouped,full_clean_v1,grouped,202943,50737,0,0.0,random_forest,unseen_in_training,0.1393460393795455,0.8627431657370361,0.5216680294358136,0.18048090523338048,0.973206311402203,0.2681799075241698,0.803846874550673,0.38924267365496795,0.1012962064551372,50737,42497,1170,5794,1276
full_grouped,full_clean_v1,grouped,202943,50737,0,0.0,gradient_boosting,all,0.1393460393795455,0.8666456432189527,0.5731472569778633,0.16845827439886846,0.9796871779604736,0.26038478355924793,0.8304942471745711,0.43433051418625285,0.0964006236003216,50737,42780,887,5879,1191
full_grouped,full_clean_v1,grouped,202943,50737,0,0.0,gradient_boosting,unseen_in_training,0.1393460393795455,0.8666456432189527,0.5731472569778633,0.16845827439886846,0.9796871779604736,0.26038478355924793,0.8304942471745711,0.43433051418625285,0.0964006236003216,50737,42780,887,5879,1191
full_random,full_clean_v1,random,202944,50736,6836,0.13473667612740461,logistic_regression,all,0.13932907600126143,0.8621294544307789,0.517097966728281,0.15829678879615222,0.9760688849703437,0.24239142207299902,0.8191626274264764,0.39422856330541106,0.09995080549314478,50736,42622,1045,5950,1119
full_random,full_clean_v1,random,202944,50736,6836,0.13473667612740461,logistic_regression,seen_in_training,0.0526623756582797,0.947776477472206,1.0,0.008333333333333333,1.0,0.01652892561983471,0.8251402614782788,0.2279128651505559,0.04497332230817667,6836,6476,0,357,3
full_random,full_clean_v1,random,202944,50736,6836,0.13473667612740461,logistic_regression,unseen_in_training,0.15282460136674259,0.8487927107061504,0.5164275798241554,0.16634371739454465,0.9719018041999409,0.25163472378804963,0.8091857849706073,0.40117427707822917,0.10851176392258535,43900,36146,1045,5593,1116
full_random,full_clean_v1,random,202944,50736,6836,0.13473667612740461,random_forest,all,0.13932907600126143,0.8589758751182592,0.4843863471314452,0.1887112745791484,0.9674811642659217,0.2716074518986053,0.7962691691961601,0.3686273730080337,0.1034841284637484,50736,42247,1420,5735,1334
full_random,full_clean_v1,random,202944,50736,6836,0.13473667612740461,random_forest,seen_in_training,0.0526623756582797,0.9270040959625512,0.20675105485232068,0.1361111111111111,0.9709697344039531,0.16415410385259632,0.7277533285292705,0.14119520243470596,0.059211603252668235,6836,6288,188,311,49
full_random,full_clean_v1,random,202944,50736,6836,0.13473667612740461,random_forest,unseen_in_training,0.15282460136674259,0.848382687927107,0.510528406833532,0.1915337606200626,0.9668737060041408,0.27856058963797964,0.7925334727849936,0.39474638766193865,0.11037813717315485,43900,35959,1232,5424,1285
full_random,full_clean_v1,random,202944,50736,6836,0.13473667612740461,gradient_boosting,all,0.13932907600126143,0.864672027751498,0.5460735360871539,0.17017965766020654,0.9770994114548744,0.2594909404659189,0.8264158551273977,0.4211240574450046,0.09763290225680915,50736,42667,1000,5866,1203
full_random,full_clean_v1,random,202944,50736,6836,0.13473667612740461,gradient_boosting,seen_in_training,0.0526623756582797,0.9474839087185488,1.0,0.002777777777777778,1.0,0.00554016620498615,0.8280404999656852,0.2428639094045995,0.04451713455332251,6836,6476,0,359,1
full_random,full_clean_v1,random,202944,50736,6836,0.13473667612740461,gradient_boosting,unseen_in_training,0.15282460136674259,0.8517767653758542,0.5458673932788374,0.17916231927261886,0.9731117743540104,0.26977892492425093,0.8172975686827942,0.4288394427224431,0.105903958931548,43900,36191,1000,5507,1202
