feature,importance_mean,importance_std
GenHlth,0.05182275859825192,0.002594283110153319
BMI,0.04320653220265676,0.002170488169153708
Age,0.033708982831246334,0.0016952490135633837
HighBP,0.021172393731137062,0.002860479360170722
HighChol,0.011331568804196567,0.0011864722532254953
CholCheck,0.003851079099515986,0.0009793111701897187
HvyAlcoholConsump,0.0037219431255131608,0.0007788123289873721
Sex,0.0034571527542539226,0.0005839839372438802
MentHlth,0.0011319282169643286,0.0004141871418064356
DiffWalk,0.000994524601019342,0.0002785632416196049
HeartDiseaseorAttack,0.0008708889054752311,0.00043890276560970163
Income,0.000653028885074014,0.0002740137147827696
Education,0.00019912768722283314,9.219283924443786e-05
PhysHlth,0.00012300031195033867,8.436442097810335e-05
AnyHealthcare,2.506320344330959e-05,2.885141509654663e-05
NoDocbcCost,2.4542648209913144e-05,9.800926241489477e-06
Smoker,1.6937183145493417e-05,4.2200456984224356e-05
PhysActivity,4.692652324611579e-06,5.719231135082748e-06
Fruits,0.0,0.0
Veggies,-2.2441289216290627e-05,7.91918124939045e-06
Stroke,-3.062089608226737e-05,0.00014194872818823384
