feature,group,metric,estimate_full,n_full,estimate_unique,n_unique,change_unique_minus_full
Diabetes_binary,All,category_1_percent,13.933301797540206,253680,15.29454317264701,229474,1.361241375106804
BMI,Target 0,mean,27.80577005871738,218334,28.095854962264053,194377,0.29008490354667416
BMI,Target 1,mean,31.94401063769592,35346,31.96424195800211,35097,0.020231320306187683
MentHlth,Target 0,mean,2.978033654859069,218334,3.3322769669250993,194377,0.3542433120660302
MentHlth,Target 1,mean,4.461806144966899,35346,4.493403994643417,35097,0.03159784967651813
PhysHlth,Target 0,mean,3.6410820119633223,218334,4.080441616034819,194377,0.4393596040714969
PhysHlth,Target 1,mean,7.954478583149437,35346,8.008490754195515,35097,0.05401217104607792
HighBP,No,category_1_percent,6.035167171783419,144851,6.941715782580222,125214,0.9065486107968033
HighBP,Yes,category_1_percent,24.445690027474296,108829,25.32610780740456,104260,0.8804177799302657
HighChol,No,category_1_percent,7.981435973961079,146089,9.054156358045407,128129,1.0727203840843282
HighChol,Yes,category_1_percent,22.014852543428354,107591,23.18417287483349,101345,1.1693203314051352
CholCheck,No,category_1_percent,2.544878563885956,9470,2.591955259195526,9298,0.04707669530957004
CholCheck,Yes,category_1_percent,14.374923221817287,244210,15.830971586367271,220176,1.456048364549984
Smoker,No,category_1_percent,12.055331771168861,141257,13.765142554146104,122585,1.709810782977243
Smoker,Yes,category_1_percent,16.292929382777547,112423,17.048526976583183,106889,0.7555975938056356
Stroke,No,category_1_percent,13.17977878942265,243388,14.521191660203476,219190,1.3414128707808253
Stroke,Yes,category_1_percent,31.75281772250291,10292,31.77751847530144,10284,0.024700752798530345
HeartDiseaseorAttack,No,category_1_percent,11.953678841709932,229787,13.23914638828544,205761,1.2854675465755072
HeartDiseaseorAttack,Yes,category_1_percent,32.97200016741305,23893,33.129507021465024,23713,0.15750685405197373
PhysActivity,No,category_1_percent,21.144753886010363,61760,21.283055827619982,61260,0.13830194160961895
PhysActivity,Yes,category_1_percent,11.612651104626929,191920,13.113652846968742,168214,1.5010017423418134
Fruits,No,category_1_percent,15.79293397426225,92782,16.41745704931313,88881,0.6245230750508792
Fruits,Yes,category_1_percent,12.860942957650186,160898,14.584652151956357,140593,1.7237091943061706
Veggies,No,category_1_percent,17.9978678484082,47839,18.248933958461507,47137,0.2510661100533049
Veggies,Yes,category_1_percent,12.988666009201278,205841,14.530786401004733,182337,1.5421203918034543
HvyAlcoholConsump,No,category_1_percent,14.415430366212242,239424,15.898461424249735,215524,1.4830310580374935
HvyAlcoholConsump,Yes,category_1_percent,5.836139169472503,14256,5.96415770609319,13950,0.1280185366206874
AnyHealthcare,No,category_1_percent,11.452041555931384,12417,11.477923964807491,12389,0.025882408876107377
AnyHealthcare,Yes,category_1_percent,14.061003966625632,241263,15.51235691088744,217085,1.4513529442618083
NoDocbcCost,No,category_1_percent,13.603298812875012,232326,15.063583648409088,208151,1.4602848355340754
NoDocbcCost,Yes,category_1_percent,17.523648965065096,21354,17.549125357595084,21323,0.025476392529988345
GenHlth,Excellent,category_1_percent,2.5166118457361093,45299,3.256441154530326,34854,0.7398293087942167
GenHlth,Very good,category_1_percent,7.162902429167977,89084,8.11736573385898,77365,0.9544633046910036
GenHlth,Good,category_1_percent,17.78944028765566,75646,18.095393307257716,73632,0.30595301960205745
GenHlth,Fair,category_1_percent,31.010452961672474,31570,31.00649865271834,31545,-0.003954308954135399
GenHlth,Poor,category_1_percent,37.89421405512789,12081,37.895346911740354,12078,0.00113285661246465
DiffWalk,No,category_1_percent,10.532925760053079,211005,11.765115146455159,186849,1.23218938640208
DiffWalk,Yes,category_1_percent,30.746338605741062,42675,30.765982404692082,42625,0.01964379895101942
Sex,Female,category_1_percent,12.967867355994759,141974,14.25241813308472,128715,1.2845507770899616
Sex,Male,category_1_percent,15.160331584695541,111706,16.6258101013309,100759,1.4654785166353577
Age,18–24,category_1_percent,1.368421052631579,5700,1.4153511159499184,5511,0.04693006331833938
Age,25–29,category_1_percent,1.8425901553040274,7598,1.9818799546998869,7064,0.1392897993958595
Age,30–34,category_1_percent,2.822979412029129,11123,3.1327945724832884,10023,0.30981516045415924
Age,35–39,category_1_percent,4.528684077262533,13823,5.110802191511979,12229,0.5821181142494458
Age,40–44,category_1_percent,6.504920467908646,16157,7.47150997150997,14040,0.9665895036013241
Age,45–49,category_1_percent,8.789545385740956,19819,10.075231481481481,17280,1.285686095740525
Age,50–54,category_1_percent,11.735197993463556,26314,13.28662255092773,23121,1.5514245574641734
Age,55–59,category_1_percent,13.826543850544889,30832,15.5507480199472,27272,1.7242041694023111
Age,60–64,category_1_percent,17.245217182047888,33244,19.14212548015365,29678,1.8969082981057603
Age,65–69,category_1_percent,20.37025532707958,32194,22.28371085828206,29093,1.9134555312024801
Age,70–74,category_1_percent,21.845918497429142,23533,23.143727549674896,21993,1.2978090522457535
Age,75–79,category_1_percent,21.29536921151439,15980,21.997529098120815,15379,0.7021598866064238
Age,80+,category_1_percent,18.481829176985546,17363,19.05782859865404,16791,0.5759994216684952
Education,No schooling / kindergarten only,category_1_percent,27.011494252873565,174,27.011494252873565,174,0.0
Education,Grades 1–8,category_1_percent,29.260450160771708,4043,29.28217821782178,4040,0.021728057050072636
Education,Grades 9–11,category_1_percent,24.224519940915805,9478,24.252667159607057,9467,0.028147218691252363
Education,Grade 12 / GED,category_1_percent,17.635059760956175,62750,18.048557031607878,61124,0.4134972706517033
Education,Some college / technical school,category_1_percent,14.810470605063653,69910,15.518331226295828,66444,0.7078606212321752
Education,College graduate / 4+ years,category_1_percent,9.69019333799208,107325,11.593085860017002,88225,1.9028925220249224
Income,"Under USD 10,000",category_1_percent,24.28906329630007,9811,24.338678378102337,9791,0.04961508180226559
Income,"USD 10,000–<15,000",category_1_percent,26.190274123737588,11783,26.2504253147329,11756,0.060151190995313186
Income,"USD 15,000–<20,000",category_1_percent,22.308365637113916,15994,22.386934673366834,15920,0.07856903625291878
Income,"USD 20,000–<25,000",category_1_percent,20.134094859697043,20135,20.28266426101338,19953,0.14856940131633678
Income,"USD 25,000–<35,000",category_1_percent,17.401383147239503,25883,17.724867724867725,25326,0.32348457762822136
Income,"USD 35,000–<50,000",category_1_percent,14.507814642171649,36470,15.047057813885631,34957,0.5392431717139825
Income,"USD 50,000–<75,000",category_1_percent,12.182142113422337,43219,13.022351797862003,40131,0.8402096844396656
Income,"USD 75,000+",category_1_percent,7.96039165790784,90385,9.829704075935233,71640,1.869312418027393
