feature,no_respondents,yes_respondents,category_1_percent_no,category_1_percent_yes,difference_percentage_points,dataset_variant
HighBP,144851,108829,6.035167171783419,24.445690027474296,18.41052285569088,full_clean_v1
HighChol,146089,107591,7.981435973961079,22.014852543428354,14.033416569467274,full_clean_v1
CholCheck,9470,244210,2.544878563885956,14.374923221817287,11.830044657931332,full_clean_v1
Smoker,141257,112423,12.055331771168861,16.292929382777547,4.237597611608686,full_clean_v1
Stroke,243388,10292,13.17977878942265,31.75281772250291,18.573038933080262,full_clean_v1
HeartDiseaseorAttack,229787,23893,11.953678841709932,32.97200016741305,21.01832132570312,full_clean_v1
PhysActivity,61760,191920,21.144753886010363,11.612651104626929,-9.532102781383434,full_clean_v1
Fruits,92782,160898,15.79293397426225,12.860942957650186,-2.931991016612063,full_clean_v1
Veggies,47839,205841,17.9978678484082,12.988666009201278,-5.0092018392069235,full_clean_v1
HvyAlcoholConsump,239424,14256,14.415430366212242,5.836139169472503,-8.579291196739739,full_clean_v1
AnyHealthcare,12417,241263,11.452041555931384,14.061003966625632,2.6089624106942484,full_clean_v1
NoDocbcCost,232326,21354,13.603298812875012,17.523648965065096,3.9203501521900836,full_clean_v1
DiffWalk,211005,42675,10.532925760053079,30.746338605741062,20.213412845687984,full_clean_v1
Sex,141974,111706,12.967867355994759,15.160331584695541,2.192464228700782,full_clean_v1
