feature,coefficient,std_error,p_value,odds_ratio,ci_lower,ci_upper,dataset_variant
const,-5.115541128230026,0.08522314331089258,0.0,0.0060027287094442106,0.005079332519780428,0.007093993515656541,full_clean_v1
HighBP,0.7575653428974967,0.014758061132887378,0.0,2.1330765833446614,2.0722605707936594,2.1956774039621445,full_clean_v1
HighChol,0.5785156824509038,0.013593928550209005,0.0,1.7833893490895207,1.7365008315789514,1.8315439374446054,full_clean_v1
CholCheck,1.24399891197061,0.06858244086191334,1.5760939307420792e-73,3.4694598255498996,3.033083618545244,3.968618407849274,full_clean_v1
BMI,0.06086728410915889,0.0009004198058415265,0.0,1.0627578599711998,1.0608839691112253,1.0646350607755768,full_clean_v1
Smoker,-0.010390175537276954,0.013202528000324436,0.4312913547821571,0.9896636158746371,0.9643831016923924,1.0156068380576722,full_clean_v1
Stroke,0.1341796523587412,0.025101156644211746,9.013964820655247e-08,1.1435982513142533,1.088697784999416,1.2012672189001647,full_clean_v1
HeartDiseaseorAttack,0.22042244602007408,0.017801055799848208,3.2485857427850715e-35,1.2466032419464084,1.203859947884489,1.2908641454200158,full_clean_v1
PhysActivity,-0.05180511863722067,0.014445329655987379,0.0003354179550982735,0.9495138913745166,0.923007937807846,0.9767810145321519,full_clean_v1
Fruits,-0.049932281918529886,0.013691460620316308,0.00026535573283142136,0.9512938421134731,0.9261055632622325,0.9771671933977666,full_clean_v1
Veggies,-0.03315130170723433,0.015914358399203847,0.03724152687056248,0.9673921804271389,0.9376834399420968,0.9980421866140282,full_clean_v1
HvyAlcoholConsump,-0.7691727833922593,0.03853036187499883,1.1609338606378939e-88,0.4633962388716118,0.42969015277360023,0.49974632375040334,full_clean_v1
AnyHealthcare,0.08265940181235598,0.03346586993467216,0.013512769009816227,1.0861717973935885,1.0172139840157597,1.159804320420098,full_clean_v1
NoDocbcCost,0.017957180094452567,0.023027794869701905,0.43550590531560485,1.018119379680723,0.973189489087268,1.0651235786091695,full_clean_v1
GenHlth,0.5359461126350622,0.008137356652820824,0.0,1.709064445044304,1.682022917600263,1.7365407134177673,full_clean_v1
MentHlth,-0.003631697590949036,0.0008538994883474808,2.1085599314392942e-05,0.9963748890467757,0.9947087384671821,0.9980438304511067,full_clean_v1
PhysHlth,-0.007406718621641001,0.0007834475865888862,3.261037838056059e-21,0.9926206435224857,0.9910976153115535,0.9941460121839402,full_clean_v1
DiffWalk,0.12319056148405662,0.016979236909122217,4.005800835372005e-13,1.131099944495633,1.0940778569055085,1.1693748085320403,full_clean_v1
Sex,0.2581335232979375,0.013457378311347143,5.277199181433103e-82,1.2945116545505035,1.2608140029763089,1.3291099399366129,full_clean_v1
Age,0.12364462348951287,0.0027973994484747286,0.0,1.1316136506231933,1.125426214588607,1.1378351043163217,full_clean_v1
Education,-0.030825079216402883,0.006970699815241909,9.774959925824608e-06,0.9696451693354695,0.9564876519521451,0.9829836825354562,full_clean_v1
Income,-0.05148631701041007,0.0035698574934723048,3.7349047467283145e-47,0.949816646204568,0.9431941716375628,0.9564856193300985,full_clean_v1
