age_code,age_group,bmi_log_odds,std_error,bmi_odds_ratio,ci_lower,ci_upper,dataset_variant
1,18–24,0.025648893111324497,0.0024748976079686223,1.0259806563505278,1.0210159723954737,1.0309694810511136,full_clean_v1
2,25–29,0.030614207691465202,0.002179683288497609,1.0310876414638241,1.0266921269101126,1.0355019742666345,full_clean_v1
3,30–34,0.03557952227160591,0.001893077741108218,1.0362200474237866,1.032382417569123,1.0400719427314942,full_clean_v1
4,35–39,0.04054483685174661,0.0016196575122845367,1.041378000766802,1.0380774187088904,1.044689077072758,full_clean_v1
5,40–44,0.045510151431887316,0.0013673553334143892,1.0465616286591133,1.0437606327786175,1.0493701411843992,full_clean_v1
6,45–49,0.05047546601202802,0.001150153809727428,1.0517710588999531,1.0494027638061176,1.0541446987687837,full_clean_v1
7,50–54,0.055440780592168726,0.0009913979986569256,1.0570064199246965,1.0549545402829623,1.059062290458837,full_clean_v1
8,55–59,0.06040609517230943,0.0009217967373277573,1.0622678408080253,1.060350386458566,1.064188762531316,full_clean_v1
9,60–64,0.06537140975245014,0.0009609222058272663,1.0675554512671122,1.0655467384159911,1.0695679508383957,full_clean_v1
10,65–69,0.07033672433259083,0.0010972040711975507,1.0728693816648183,1.0705646760203615,1.075179048866691,full_clean_v1
11,70–74,0.07530203891273154,0.0013004480341596584,1.0782097630129064,1.0754650875526997,1.0809614431108918,full_clean_v1
12,75–79,0.08026735349287226,0.0015444404918104357,1.0835767269752723,1.080301647903685,1.0868617348875178,full_clean_v1
13,80+,0.08523266807301295,0.0018128019206284786,1.0889704058711895,1.0851081306342512,1.0928464282818746,full_clean_v1
