Diabetes_binary,category,count,label,percentage,dataset_variant
0,1,5622,18–24,2.5749539696061996,full_clean_v1
0,2,7458,25–29,3.415867432465855,full_clean_v1
0,3,10809,30–34,4.950671906345324,full_clean_v1
0,4,13197,35–39,6.044409024705268,full_clean_v1
0,5,15106,40–44,6.918757499977099,full_clean_v1
0,6,18077,45–49,8.27951670376579,full_clean_v1
0,7,23226,50–54,10.637830113495838,full_clean_v1
0,8,26569,55–59,12.168970476426026,full_clean_v1
0,9,27511,60–64,12.600419540703692,full_clean_v1
0,10,25636,65–69,11.741643536966299,full_clean_v1
0,11,18392,70–74,8.423791072393671,full_clean_v1
0,12,12577,75–79,5.760440426136103,full_clean_v1
0,13,14154,80+,6.482728297012834,full_clean_v1
1,1,78,18–24,0.22067560685791887,full_clean_v1
1,2,140,25–29,0.39608442256549536,full_clean_v1
1,3,314,30–34,0.8883607763254682,full_clean_v1
1,4,626,35–39,1.7710632037571437,full_clean_v1
1,5,1051,40–44,2.973462343688112,full_clean_v1
1,6,1742,45–49,4.928421886493521,full_clean_v1
1,7,3088,50–54,8.736490692016071,full_clean_v1
1,8,4263,55–59,12.060770667119334,full_clean_v1
1,9,5733,60–64,16.219657104057035,full_clean_v1
1,10,6558,65–69,18.553726022746563,full_clean_v1
1,11,5141,70–74,14.54478583149437,full_clean_v1
1,12,3403,75–79,9.627680642788434,full_clean_v1
1,13,3209,80+,9.078820800090535,full_clean_v1
