feature,odds_ratio,ci_lower,ci_upper,p_value,dataset_variant
CholCheck,3.4694598255498996,3.033083618545244,3.968618407849274,1.5760939307420792e-73,full_clean_v1
HighBP,2.1330765833446614,2.0722605707936594,2.1956774039621445,0.0,full_clean_v1
HighChol,1.7833893490895207,1.7365008315789514,1.8315439374446054,0.0,full_clean_v1
GenHlth,1.709064445044304,1.682022917600263,1.7365407134177673,0.0,full_clean_v1
Sex,1.2945116545505035,1.2608140029763089,1.3291099399366129,5.277199181433103e-82,full_clean_v1
HeartDiseaseorAttack,1.2466032419464084,1.203859947884489,1.2908641454200158,3.2485857427850715e-35,full_clean_v1
Stroke,1.1435982513142533,1.088697784999416,1.2012672189001647,9.013964820655247e-08,full_clean_v1
Age,1.1316136506231933,1.125426214588607,1.1378351043163217,0.0,full_clean_v1
DiffWalk,1.131099944495633,1.0940778569055085,1.1693748085320403,4.005800835372005e-13,full_clean_v1
AnyHealthcare,1.0861717973935885,1.0172139840157597,1.159804320420098,0.013512769009816227,full_clean_v1
BMI,1.0627578599711998,1.0608839691112253,1.0646350607755768,0.0,full_clean_v1
NoDocbcCost,1.018119379680723,0.973189489087268,1.0651235786091695,0.43550590531560485,full_clean_v1
MentHlth,0.9963748890467757,0.9947087384671821,0.9980438304511067,2.1085599314392942e-05,full_clean_v1
PhysHlth,0.9926206435224857,0.9910976153115535,0.9941460121839402,3.261037838056059e-21,full_clean_v1
Smoker,0.9896636158746371,0.9643831016923924,1.0156068380576722,0.4312913547821571,full_clean_v1
Education,0.9696451693354695,0.9564876519521451,0.9829836825354562,9.774959925824608e-06,full_clean_v1
Veggies,0.9673921804271389,0.9376834399420968,0.9980421866140282,0.03724152687056248,full_clean_v1
Fruits,0.9512938421134731,0.9261055632622325,0.9771671933977666,0.00026535573283142136,full_clean_v1
Income,0.949816646204568,0.9431941716375628,0.9564856193300985,3.7349047467283145e-47,full_clean_v1
PhysActivity,0.9495138913745166,0.923007937807846,0.9767810145321519,0.0003354179550982735,full_clean_v1
HvyAlcoholConsump,0.4633962388716118,0.42969015277360023,0.49974632375040334,1.1609338606378939e-88,full_clean_v1
