category,label,total_observations,target_count,target_percentage,dataset_variant
1,18–24,5700,78,1.368421052631579,full_clean_v1
2,25–29,7598,140,1.8425901553040274,full_clean_v1
3,30–34,11123,314,2.822979412029129,full_clean_v1
4,35–39,13823,626,4.528684077262533,full_clean_v1
5,40–44,16157,1051,6.504920467908646,full_clean_v1
6,45–49,19819,1742,8.789545385740956,full_clean_v1
7,50–54,26314,3088,11.735197993463556,full_clean_v1
8,55–59,30832,4263,13.826543850544889,full_clean_v1
9,60–64,33244,5733,17.245217182047888,full_clean_v1
10,65–69,32194,6558,20.37025532707958,full_clean_v1
11,70–74,23533,5141,21.845918497429142,full_clean_v1
12,75–79,15980,3403,21.29536921151439,full_clean_v1
13,80+,17363,3209,18.481829176985546,full_clean_v1
