feature,feature_value,dataset_variant,n,prior_p_category1,likelihood_p_feature_given_category1,evidence_p_feature,bayes_rhs,direct_p_category1_given_feature,absolute_difference,matches,lift_over_prior
HighBP,1,full_clean_v1,253680,0.13933301797540207,0.7526735698523171,0.4290011037527594,0.24445690027474293,0.24445690027474296,2.7755575615628914e-17,True,1.754479331797001
HighChol,1,full_clean_v1,253680,0.13933301797540207,0.6701182594918803,0.4241209397666351,0.22014852543428354,0.22014852543428354,0.0,True,1.5800169165441367
PhysActivity,1,full_clean_v1,253680,0.13933301797540207,0.6305381089797997,0.7565436770734784,0.11612651104626927,0.11612651104626928,1.3877787807814457e-17,True,0.8334457455502063
Smoker,1,full_clean_v1,253680,0.13933301797540207,0.5182198834380128,0.44316855881425415,0.16292929382777546,0.16292929382777546,0.0,True,1.1693516453977844
Stroke,1,full_clean_v1,253680,0.13933301797540207,0.09245742092457421,0.04057079785556607,0.3175281772250291,0.31752817722502913,5.551115123125783e-17,True,2.278915520807033
HeartDiseaseorAttack,1,full_clean_v1,253680,0.13933301797540207,0.22288236292649805,0.09418558814254178,0.32972000167413046,0.3297200016741305,5.551115123125783e-17,True,2.366416851261626
DiffWalk,1,full_clean_v1,253680,0.13933301797540207,0.37121597917727606,0.16822374645222327,0.30746338605741064,0.30746338605741064,0.0,True,2.2066800140056566
HighBP,1,unique_profile_v1,229474,0.1529454317264701,0.7523435051428897,0.45434341145402096,0.25326107807404563,0.25326107807404563,0.0,True,1.655891746586989
HighChol,1,unique_profile_v1,229474,0.1529454317264701,0.6694589281135139,0.44164044728378815,0.2318417287483349,0.2318417287483349,0.0,True,1.5158460513090977
PhysActivity,1,unique_profile_v1,229474,0.1529454317264701,0.6285152577143346,0.7330416517775434,0.13113652846968743,0.13113652846968743,0.0,True,0.8574072921917273
Smoker,1,unique_profile_v1,229474,0.1529454317264701,0.5192181667948828,0.4658000470641554,0.17048526976583184,0.17048526976583184,0.0,True,1.1146803656792459
Stroke,1,unique_profile_v1,229474,0.1529454317264701,0.09311337151323475,0.04481553465752111,0.3177751847530144,0.3177751847530144,0.0,True,2.0777030158136944
HeartDiseaseorAttack,1,unique_profile_v1,229474,0.1529454317264701,0.22383679516767815,0.10333632568395548,0.3312950702146502,0.3312950702146502,0.0,True,2.166099807460371
DiffWalk,1,unique_profile_v1,229474,0.1529454317264701,0.3736501695301593,0.18575089116849838,0.3076598240469208,0.3076598240469208,0.0,True,2.0115659590091206
