precision,recall,threshold
0.15293604967861424,1.0,0.0
0.17713789315005493,0.9877475423849551,0.0014285714285714286
0.17725111213376285,0.9877475423849551,0.003333333333333333
0.17735742807412716,0.9871776606354181,0.004
0.17742100681108208,0.9871776606354181,0.005
0.17789882068806043,0.9864653084484969,0.005833333333333333
0.1779445401043407,0.9864653084484969,0.006666666666666666
0.1780934733374511,0.98589542669896,0.007142857142857143
0.17829537256518602,0.98589542669896,0.008666666666666666
0.17827879412522546,0.9857529562615758,0.009000000000000001
0.17829717054063804,0.9857529562615758,0.01
0.19021602787456446,0.9722182647100727,0.010333333333333332
0.19032743905840352,0.9722182647100727,0.0125
0.19038316635503585,0.9719333238353042,0.012666666666666666
0.19068116387623332,0.9719333238353042,0.013999999999999999
0.19071718160212497,0.9717908533979199,0.014166666666666666
0.19074384787472035,0.9717908533979199,0.015
0.19129654050110828,0.9713634420857672,0.015333333333333332
0.1913717124652651,0.9713634420857672,0.016666666666666666
0.1914827828531272,0.9705086194614617,0.017333333333333333
0.19162822099696186,0.9705086194614617,0.018333333333333333
0.1916863672182821,0.9703661490240775,0.018666666666666668
0.19174572787928268,0.9703661490240775,0.02
0.20144143066479261,0.9596808662202593,0.020333333333333335
0.2016042140548306,0.9596808662202593,0.022333333333333334
0.20158031785938763,0.959538395782875,0.0225
0.20162304605617776,0.9592534549081065,0.023095238095238092
0.20162908393974785,0.9592534549081065,0.02333333333333333
0.20169074884585406,0.9585411027211853,0.023333333333333334
0.20166126904162168,0.9581136914090326,0.0235
0.2017278099409065,0.9581136914090326,0.025
0.20220798363565262,0.95768628009688,0.025333333333333333
0.2022384018292316,0.95768628009688,0.02583333333333333
0.2022265683767113,0.9575438096594957,0.025833333333333333
0.202208648030572,0.9574013392221115,0.026000000000000002
0.20225124902185035,0.9574013392221115,0.026666666666666665
0.20239243099915633,0.9569739279099587,0.02666666666666667
0.20241072773843605,0.9569739279099587,0.027333333333333334
0.2023866923818708,0.9568314574725745,0.02738095238095238
0.20239279148961817,0.9568314574725745,0.0275
0.20241181790774795,0.956546516597806,0.027666666666666666
0.20250339315337054,0.956546516597806,0.028333333333333335
0.2025098796343781,0.9564040461604217,0.028666666666666663
0.20249192988807432,0.9562615757230375,0.028666666666666667
0.20256526331673458,0.9562615757230375,0.03
0.210775137227528,0.9464311155435248,0.0305
0.21080858085808582,0.9464311155435248,0.030833333333333334
0.2108102961246707,0.9462886451061405,0.031
0.2109308012321763,0.9462886451061405,0.032
0.2109258377004923,0.9461461746687563,0.032214285714285716
0.2110464931515556,0.9461461746687563,0.03333333333333333
0.21119139319476715,0.9452913520444508,0.0335
0.21127881798497006,0.9452913520444508,0.035
0.21160355067373396,0.9441515885453768,0.0355
0.21161030750071846,0.9441515885453768,0.035666666666666666
0.21159188887114802,0.9440091181079926,0.03571428571428571
0.21163919764916314,0.9440091181079926,0.036000000000000004
0.2116275355374541,0.9438666476706083,0.0365
0.21164105676772194,0.9438666476706083,0.03666666666666667
0.21178690202097722,0.9435817067958399,0.037142857142857144
0.21179367465063478,0.9435817067958399,0.037333333333333336
0.21177524065368256,0.9434392363584556,0.0375
0.2118633222421295,0.9434392363584556,0.03766666666666667
0.21185166224042493,0.9432967659210714,0.03783333333333333
0.21187878012096387,0.9432967659210714,0.03833333333333333
0.21194173203137506,0.9431542954836871,0.03833333333333334
0.21199602907740098,0.9431542954836871,0.03916666666666666
0.21199116036255325,0.9430118250463029,0.03916666666666667
0.21201832217559818,0.9430118250463029,0.04
0.2190877756584011,0.9327539535546374,0.04041666666666667
0.2191171056594933,0.9327539535546374,0.04083333333333333
0.21909830304247416,0.9326114831172532,0.04083333333333334
0.21942144604967653,0.9326114831172532,0.04333333333333333
0.21957929345455765,0.9324690126798689,0.04333333333333334
0.21963087248322147,0.9324690126798689,0.04366666666666667
0.21961205450030202,0.9323265422424847,0.04383333333333333
0.219656283566058,0.9323265422424847,0.04416666666666666
0.21964075877119354,0.9320416013677162,0.04416666666666667
0.21968501292857381,0.9320416013677162,0.045
0.22010778039744022,0.9310443083060265,0.04541666666666666
0.22015968736313715,0.9310443083060265,0.046
0.2201779215527699,0.9309018378686422,0.04633333333333333
0.22020018198362148,0.9309018378686422,0.04666666666666666
0.2203669972340282,0.930759367431258,0.04666666666666667
0.22061256880424138,0.930759367431258,0.048
0.22060114826072272,0.9306168969938737,0.04833333333333333
0.2206304693043214,0.9303319561191052,0.04833333333333334
0.22067124074762565,0.930189485681721,0.049
0.22071600013522194,0.930189485681721,0.04916666666666667
0.2206896551724138,0.9300470152443367,0.049333333333333326
0.22067076881465955,0.9299045448069525,0.04933333333333333
0.22070807831467892,0.9299045448069525,0.05
0.22723422278695468,0.917224675879755,0.050166666666666665
0.22731445519384225,0.917224675879755,0.05166666666666666
0.22737548569410101,0.9170822054423707,0.051666666666666666
0.22743975690763904,0.9170822054423707,0.0525
0.22743503623828884,0.9165123236928338,0.05266666666666666
0.22740772168010182,0.9163698532554495,0.05333333333333333
0.22746568558086883,0.916084912380681,0.05333333333333334
0.2276750938318816,0.916084912380681,0.05483333333333333
0.22765580736543908,0.9159424419432968,0.05499999999999999
0.22766386911717837,0.9159424419432968,0.055
0.22787280857406486,0.9148026784442228,0.0555
0.22788898353208403,0.9148026784442228,0.055999999999999994
0.22788584410052534,0.9146602080068386,0.05600000000000001
0.22792629673021622,0.9146602080068386,0.056666666666666664
0.22807703240477545,0.9145177375694543,0.05666666666666667
0.22804336236004977,0.9140903262573016,0.057
0.22809200469266594,0.9140903262573016,0.05733333333333333
0.22808077935006754,0.9139478558199173,0.0575
0.2281069929572455,0.9136629149451488,0.057666666666666665
0.22812322140011382,0.9136629149451488,0.057833333333333334
0.2281038776236215,0.9135204445077646,0.057999999999999996
0.22812822428576512,0.9135204445077646,0.058285714285714295
0.22810076140325908,0.9133779740703803,0.05833333333333333
0.22814635535307518,0.9132355036329961,0.05833333333333334
0.22818696379623368,0.9132355036329961,0.059000000000000004
0.22816761009647904,0.9130930331956119,0.05916666666666666
0.22824886926172586,0.9130930331956119,0.06
0.2348051948051948,0.9015529277674883,0.06000000000000001
0.2349359569333581,0.9015529277674883,0.06166666666666666
0.23497734531679418,0.901410457330104,0.06166666666666667
0.23496638561824462,0.9012679868927198,0.061833333333333323
0.23521975161746114,0.9012679868927198,0.06333333333333332
0.23524596264047035,0.9006981051431828,0.06333333333333334
0.23529630732578916,0.9005556347057986,0.06366666666666668
0.23531382622291713,0.9005556347057986,0.06380952380952382
0.23528535795391087,0.9004131642684143,0.064
0.23538175046554935,0.9004131642684143,0.065
0.2357422969187675,0.8992734007693404,0.06516666666666666
0.23575990736936467,0.8992734007693404,0.06583333333333333
0.2357577795210878,0.8991309303319561,0.06583333333333334
0.2358370702541106,0.8991309303319561,0.06666666666666667
0.2359697695300808,0.8985610485824191,0.06683333333333333
0.2360139205927478,0.8985610485824191,0.0675
0.2360471645143178,0.8984185781450349,0.06766666666666667
0.2360560005989369,0.8984185781450349,0.068
0.23602740238835024,0.8982761077076507,0.06833333333333333
0.23604298498520987,0.8981336372702664,0.06849999999999999
0.23608718448056326,0.8981336372702664,0.06916666666666665
0.2360762575377355,0.8979911668328822,0.06916666666666667
0.23612047651157564,0.8979911668328822,0.06999999999999999
0.23610955003559253,0.8978486963954979,0.07
0.2423452515270591,0.8874483544664482,0.07033333333333333
0.24237354085603113,0.8874483544664482,0.07083333333333333
0.24238178633975482,0.887305884029064,0.07083333333333335
0.24260839079116514,0.887305884029064,0.07233333333333333
0.24258833612528732,0.8871634135916797,0.0725
0.24264390662145835,0.8870209431542955,0.07266666666666666
0.24270065879234398,0.8870209431542955,0.07333333333333333
0.24286884926054553,0.886736002279527,0.0735
0.24288780487804879,0.886736002279527,0.07400000000000001
0.24292462036928603,0.8865935318421427,0.07416666666666666
0.24296255807597705,0.8865935318421427,0.075
0.24315443592552027,0.885596238780453,0.07500000000000001
0.24318297406204764,0.885596238780453,0.07583333333333334
0.24321045628864366,0.8854537683430688,0.076
0.24319881003640348,0.8851688274683003,0.07600000000000001
0.24321785085143863,0.8851688274683003,0.07666666666666666
0.24329299338111463,0.885026357030916,0.07666666666666667
0.24373209871699297,0.885026357030916,0.07833333333333334
0.2437215507769581,0.8848838865935318,0.07857142857142857
0.24376937870403076,0.8848838865935318,0.079
0.2437588318417334,0.8847414161561477,0.07902380952380951
0.2439120188531029,0.8847414161561477,0.08
0.2502648520902942,0.8750534264140191,0.08016666666666666
0.25046896664219886,0.8750534264140191,0.0825
0.250428326670474,0.8746260151018663,0.08266666666666665
0.2507351739911779,0.8746260151018663,0.08416666666666667
0.25070457051831885,0.8744835446644821,0.08416666666666668
0.25067396454538027,0.8743410742270978,0.08433333333333333
0.2506535947712418,0.8741986037897136,0.085
0.2509315752835674,0.8730588402906397,0.08500000000000002
0.25104465383039737,0.8730588402906397,0.08649999999999998
0.25101397025687244,0.8729163698532555,0.08666666666666666
0.2510861546028363,0.8727738994158712,0.08666666666666668
0.25110728346456695,0.8723464881037185,0.087
0.25112788122385366,0.8723464881037185,0.08733333333333335
0.25110746513535687,0.8722040176663343,0.0875
0.25113874184414625,0.8719190767915658,0.08761904761904761
0.2511696626446688,0.8719190767915658,0.08814285714285713
0.25114923657855853,0.8717766063541815,0.08833333333333332
0.2512009854239376,0.8716341359167973,0.08833333333333333
0.2513248161689192,0.8716341359167973,0.09
0.25690737498398597,0.8571021513036045,0.09033333333333333
0.25708303063971627,0.8571021513036045,0.09166666666666666
0.2570854529132647,0.856817210428836,0.09166666666666667
0.25712941981273246,0.856817210428836,0.09233333333333334
0.2570976569180776,0.8566747399914518,0.0925
0.2572308745507445,0.8565322695540676,0.09254761904761905
0.25724188096358735,0.8565322695540676,0.09283333333333334
0.2572211048825367,0.8563897991166833,0.09299999999999999
0.2572541299323804,0.8563897991166833,0.09333333333333332
0.25731044226570193,0.8562473286792991,0.09333333333333334
0.25742192520241614,0.8561048582419148,0.09366666666666668
0.2574439826914014,0.8561048582419148,0.09383333333333332
0.2574121679520137,0.8559623878045306,0.094
0.2574673237625884,0.8559623878045306,0.09416666666666666
0.2574355018428045,0.8558199173671464,0.09416666666666668
0.2575017146776406,0.8558199173671464,0.095
0.2577886640024064,0.8546801538680724,0.09516666666666668
0.2579327543210938,0.8546801538680724,0.09666666666666666
0.258056188960117,0.8545376834306881,0.09666666666666668
0.2581339301084524,0.8545376834306881,0.0975
0.2582242507750603,0.8543952129933039,0.09766666666666665
0.25844681951387694,0.8543952129933039,0.09999999999999998
0.2584259977588139,0.8542527425559197,0.1
0.26379902726339743,0.8422852258156432,0.1005
0.2638343448768297,0.8422852258156432,0.10083333333333332
0.2638368148544903,0.842142755378259,0.10099999999999999
0.2638485917064679,0.842142755378259,0.10166666666666666
0.2638510647796777,0.8420002849408748,0.10166666666666668
0.26396891330564115,0.8420002849408748,0.1025
0.2639056426752446,0.841572873628722,0.10266666666666666
0.263941018766756,0.841572873628722,0.10333333333333332
0.26407332886206125,0.8414304031913378,0.10333333333333333
0.26418471451584036,0.8411454623165693,0.1035
0.2643503179009582,0.8411454623165693,0.10499999999999998
0.2643173778713115,0.841002991879185,0.105
0.2645910905746714,0.8402906396922638,0.10550000000000001
0.2645580978017048,0.8401481692548796,0.10583333333333332
0.26453697056712133,0.8400056988174953,0.10583333333333333
0.2645488401310181,0.8400056988174953,0.106
0.2645751985997038,0.8398632283801112,0.10614285714285714
0.26464646464646463,0.8398632283801112,0.10666666666666666
0.2648155636428989,0.8397207579427269,0.10666666666666667
0.2647970877713361,0.8394358170679584,0.10675000000000001
0.26477594498629153,0.8392933466305742,0.10733333333333332
0.26478784609852574,0.8392933466305742,0.10733333333333334
0.26476669963139443,0.83915087619319,0.1075
0.264861948016908,0.83915087619319,0.10833333333333332
0.26486462175047226,0.8390084057558057,0.10833333333333334
0.26490036435607933,0.8390084057558057,0.10866666666666668
0.2648672964462438,0.8388659353184215,0.10880952380952381
0.264986498649865,0.8388659353184215,0.11
0.2706139942234231,0.8276107707650663,0.11000000000000001
0.2707906022748462,0.8276107707650663,0.111
0.27076923076923076,0.827468300327682,0.11116666666666668
0.27080710588893553,0.827468300327682,0.11166666666666666
0.27084888059701495,0.8273258298902978,0.11166666666666668
0.2711144311125636,0.8273258298902978,0.11333333333333333
0.27121969449245575,0.8271833594529135,0.11333333333333334
0.27120624386596254,0.8267559481407608,0.11349999999999999
0.27117218171620866,0.8266134777033766,0.114
0.271324354657688,0.8266134777033766,0.115
0.2715095311695003,0.8259011255164553,0.11533333333333332
0.2715222482435597,0.8259011255164553,0.1155
0.2714881259075366,0.8257586550790711,0.11566666666666668
0.27152628127049566,0.8257586550790711,0.11583333333333334
0.27149215272897637,0.8256161846416868,0.11599999999999999
0.27152162706781013,0.8254737142043026,0.11600000000000002
0.27154707784599524,0.8254737142043026,0.11666666666666665
0.2716443110402401,0.8251887733295341,0.11666666666666668
0.2718227895626056,0.8251887733295341,0.1175
0.2718651706492653,0.8250463028921499,0.11785714285714284
0.27189069909385416,0.8250463028921499,0.11800000000000001
0.27188204357625845,0.8249038324547656,0.11833333333333332
0.2721632039108771,0.8249038324547656,0.12
0.2767219170757789,0.8110842000284941,0.12083333333333332
0.27671366067087994,0.8109417295911099,0.12083333333333333
0.2767674803073033,0.8109417295911099,0.12149999999999998
0.27673231218088984,0.8107992591537256,0.1215
0.2770017035775128,0.8107992591537256,0.1225
0.27703393543989485,0.8106567887163414,0.12266666666666666
0.27706091444709546,0.8106567887163414,0.12333333333333332
0.27708495713172254,0.8103718478415729,0.12333333333333334
0.27720649154442223,0.8103718478415729,0.1235
0.27718477360237853,0.8102293774041887,0.12399999999999999
0.27720358814352575,0.8100869069668044,0.124
0.2771818625060946,0.8099444365294202,0.12416666666666666
0.27724945135332846,0.8099444365294202,0.125
0.2774196698896377,0.8093745547798832,0.1255
0.2774332177565073,0.8093745547798832,0.12566666666666668
0.27742502686333886,0.8092320843424989,0.12583333333333332
0.27749279398114224,0.8092320843424989,0.126
0.2775388525070863,0.8090896139051147,0.12666666666666665
0.2778783578803151,0.8090896139051147,0.127
0.2778566185466112,0.8089471434677304,0.12738095238095237
0.2778702163061564,0.8089471434677304,0.1275
0.2778675282714055,0.808662202592962,0.12766666666666665
0.2779491699720876,0.808662202592962,0.1280952380952381
0.2779138099902057,0.8085197321555777,0.12816666666666665
0.278145370778807,0.8085197321555777,0.13
0.28359498043997355,0.7952699814788431,0.13066666666666665
0.283652624625235,0.7952699814788431,0.13133333333333333
0.2836162211606871,0.7951275110414588,0.1315
0.2836306347512324,0.7951275110414588,0.13166666666666665
0.2835858842672633,0.794557629291922,0.13166666666666668
0.28361472742066723,0.794557629291922,0.132
0.28354185738988913,0.7942726884171535,0.13202380952380954
0.2835054168150145,0.7941302179797692,0.1325
0.28357753357753357,0.7941302179797692,0.13316666666666666
0.28358436800325665,0.793987747542385,0.1332142857142857
0.2835479110477838,0.7938452771050007,0.13333333333333333
0.2836619287788476,0.7932753953554638,0.13366666666666666
0.2838499184339315,0.7932753953554638,0.135
0.28391215526046987,0.7919931614190056,0.13511904761904764
0.2842460500076699,0.7919931614190056,0.1366666666666667
0.2842891492300609,0.7917082205442371,0.13699999999999998
0.2845657517410897,0.7917082205442371,0.1383333333333333
0.2845874097218665,0.7915657501068528,0.13833333333333334
0.28455784404139767,0.7912808092320843,0.13847619047619047
0.28453576552572246,0.7911383387947001,0.1385
0.2846670426000923,0.7911383387947001,0.13999999999999999
0.28465955701394585,0.7909958683573158,0.14
0.2901529636711281,0.7783159994301182,0.1405
0.29016837520582145,0.7783159994301182,0.14066666666666666
0.2901306703495166,0.778173528992734,0.1407142857142857
0.29030029231995746,0.778173528992734,0.1416666666666667
0.2903242955874535,0.7780310585553498,0.1418333333333333
0.2904169325675388,0.7780310585553498,0.14238095238095239
0.2903946388682055,0.7778885881179656,0.14242857142857143
0.2904100845699697,0.7778885881179656,0.1425
0.29041868383252645,0.7777461176805813,0.14266666666666666
0.2905423386023737,0.7777461176805813,0.14333333333333334
0.29058190917318855,0.7776036472431971,0.1435
0.29061285341568605,0.7776036472431971,0.14400000000000002
0.2905905532775973,0.7774611768058128,0.14416666666666667
0.29068342832791777,0.7774611768058128,0.145
0.29098185699039486,0.7768912950562759,0.14508333333333334
0.2910284463894967,0.7768912950562759,0.14583333333333331
0.29102167182662536,0.7767488246188916,0.14583333333333334
0.29104597148806666,0.7766063541815074,0.146
0.29110814419225634,0.7766063541815074,0.14633333333333332
0.2910702841273232,0.7764638837441231,0.14666666666666667
0.2912678466392172,0.7760364724319704,0.1467857142857143
0.29133015991870354,0.7760364724319704,0.1475
0.29130109137598975,0.7757515315572019,0.14766666666666667
0.2913634417808219,0.7757515315572019,0.14816666666666667
0.29132552041526194,0.7756090611198176,0.14833333333333332
0.2913276231263383,0.7753241202450492,0.14833333333333334
0.29136979696791127,0.7748967089328964,0.14866666666666664
0.29138540662166507,0.7748967089328964,0.149
0.2913630518645521,0.7747542384955122,0.14916666666666667
0.2913786636660773,0.7747542384955122,0.14950000000000002
0.2913563045924656,0.7746117680581279,0.14966666666666667
0.29137191854233657,0.7746117680581279,0.15
0.29644861890735286,0.759937313007551,0.15066666666666667
0.2965639942177249,0.759937313007551,0.1515
0.29654137010676157,0.7597948425701667,0.15166666666666667
0.296755884480552,0.7597948425701667,0.1525
0.29676018704074814,0.7595099016953982,0.15250000000000002
0.2967767076768914,0.7595099016953982,0.15333333333333332
0.29686977832237943,0.759367431258014,0.15333333333333335
0.29701259614312786,0.7592249608206297,0.154
0.2970457079152731,0.7592249608206297,0.15416666666666667
0.2970561998215879,0.7590824903832455,0.15428571428571428
0.29715560513106526,0.7590824903832455,0.155
0.29720670391061454,0.7579427268841715,0.15500000000000003
0.2972565234396826,0.7579427268841715,0.15566666666666668
0.29725047501955965,0.7578002564467873,0.15583333333333335
0.29726708768792265,0.7578002564467873,0.156
0.2972942754919499,0.757657786009403,0.15666666666666665
0.29741524001342734,0.7573728451346345,0.15666666666666668
0.29759838772882496,0.7573728451346345,0.1575
0.2976030465949821,0.757087904259866,0.15766666666666665
0.2976197143657239,0.757087904259866,0.15783333333333333
0.29758037414584965,0.7569454338224818,0.15783333333333335
0.29755769661662557,0.7568029633850976,0.158
0.29757436558176015,0.7568029633850976,0.15833333333333333
0.2976123752942495,0.7565180225103291,0.15866666666666665
0.2976457399103139,0.7565180225103291,0.15899999999999997
0.2976063680699591,0.7563755520729448,0.159
0.2976564252074456,0.7563755520729448,0.15966666666666668
0.2976337333183806,0.7562330816355606,0.15999999999999998
0.2976504233723995,0.7562330816355606,0.16
0.3031042901988141,0.7428408605214418,0.16016666666666665
0.3030813953488372,0.7426983900840576,0.16061904761904763
0.30320479264817074,0.7426983900840576,0.16166666666666665
0.303252458253331,0.7425559196466733,0.16166666666666668
0.3033230518535762,0.7425559196466733,0.1625
0.30334788937409024,0.7422709787719048,0.16266666666666665
0.30347157502329913,0.7422709787719048,0.16333333333333333
0.3036078568514309,0.7421285083345206,0.16333333333333336
0.3037494897661671,0.7421285083345206,0.16399999999999998
0.30377974801679886,0.7419860378971364,0.16416666666666666
0.30393930551502774,0.7419860378971364,0.165
0.30421563468397356,0.7412736857102151,0.16516666666666666
0.3042690058479532,0.7412736857102151,0.16583333333333336
0.3042817033224146,0.7411312152728309,0.16599999999999998
0.30438853130485666,0.7411312152728309,0.16666666666666663
0.30452096509721244,0.7408462743980624,0.16666666666666669
0.30449299982426337,0.7405613335232939,0.16683333333333333
0.3044879306304195,0.7404188630859097,0.16733333333333333
0.30457715524819784,0.7404188630859097,0.168
0.3045363966709647,0.7402763926485254,0.1682857142857143
0.30457209847596717,0.7402763926485254,0.16833333333333336
0.3046384800328388,0.7401339222111412,0.16866666666666666
0.3047278273111215,0.7401339222111412,0.16983333333333334
0.3047406712039427,0.7399914517737569,0.17
0.30959037316154125,0.7257444080353327,0.17016666666666666
0.3096280087527352,0.7257444080353327,0.17066666666666666
0.30962368533041523,0.7256019375979484,0.1708333333333333
0.3096193603307795,0.7254594671605642,0.17166666666666663
0.30961070559610704,0.7251745262857957,0.1716666666666667
0.3096295395097025,0.7251745262857957,0.172
0.30960637585934175,0.7250320558484115,0.17214285714285715
0.3096252129471891,0.7250320558484115,0.1721666666666667
0.30958320657134164,0.7248895854110272,0.17233333333333334
0.30962088480496563,0.7248895854110272,0.1725
0.30964992389649926,0.7246046445362587,0.17250000000000004
0.3096687773989284,0.7246046445362587,0.17261904761904762
0.3096267429824027,0.7244621740988745,0.17266666666666666
0.3096455973693825,0.7244621740988745,0.1733333333333333
0.30977333658298806,0.7243197036614902,0.17333333333333337
0.31011345614249114,0.7243197036614902,0.175
0.31031954542677337,0.723607351474569,0.17500000000000004
0.3103574702108158,0.723607351474569,0.17550000000000002
0.3103342907779747,0.7234648810371848,0.17583333333333337
0.31042914781758163,0.7234648810371848,0.1765
0.3103869902793911,0.7233224105998005,0.17666666666666664
0.31055368614255124,0.7231799401624163,0.17666666666666667
0.3106487148102815,0.7231799401624163,0.17678571428571427
0.310606524267091,0.723037469725032,0.177
0.31058333843422903,0.7228949992876478,0.17733333333333334
0.3106023506366308,0.7228949992876478,0.1775
0.31067426051809666,0.7227525288502635,0.17800000000000005
0.310807499080995,0.7227525288502635,0.17833333333333334
0.3108224047064591,0.7226100584128793,0.179
0.31093673369298674,0.7226100584128793,0.18
0.3161839430894309,0.7092178372987605,0.18041666666666667
0.31634468734112864,0.7092178372987605,0.1815
0.31630123927550047,0.7090753668613763,0.18166666666666664
0.316442014242116,0.7090753668613763,0.1825
0.31649917313318915,0.708932896423992,0.18266666666666664
0.31653944020356234,0.708932896423992,0.18333333333333332
0.3166369653767821,0.7087904259866078,0.18333333333333335
0.3166942569718579,0.7086479555492236,0.1833333333333334
0.31673458991339787,0.7086479555492236,0.1833809523809524
0.3166910781379354,0.7085054851118393,0.18349999999999997
0.31675159235668787,0.7085054851118393,0.18399999999999994
0.3167080705777438,0.7083630146744551,0.184
0.3168291594978653,0.7083630146744551,0.1848333333333333
0.31680581224905996,0.7082205442370708,0.18483333333333335
0.31680265170831207,0.7080780737996866,0.18499999999999997
0.31682284694332885,0.7080780737996866,0.185
0.31689870992463914,0.7069383103006126,0.18523809523809526
0.3169594378792718,0.7069383103006126,0.18566666666666667
0.3169360505973296,0.7067958398632284,0.18666666666666665
0.31709500063930446,0.7066533694258441,0.18666666666666668
0.3171963931700454,0.7066533694258441,0.18683333333333332
0.3171527244819647,0.7065108989884599,0.18716666666666668
0.31721358664363847,0.7065108989884599,0.1875
0.31733230926779316,0.7063684285510756,0.18750000000000003
0.31735262113550533,0.7063684285510756,0.18785714285714283
0.31730892331327615,0.7062259581136914,0.188
0.31734955185659414,0.7062259581136914,0.18825
0.31730584544465074,0.7060834876763071,0.18833333333333332
0.31740745484821314,0.7060834876763071,0.18899999999999997
0.31742472773862906,0.7059410172389229,0.18916666666666665
0.3176078456509198,0.7059410172389229,0.19
0.32270069112174377,0.6918364439378829,0.19000000000000003
0.3227435863352386,0.6918364439378829,0.19033333333333335
0.3226985709538053,0.6916939735004987,0.19038095238095237
0.3229776476849388,0.6916939735004987,0.192
0.32295409181636725,0.6915515030631144,0.19233333333333336
0.3229305296779345,0.6914090326257302,0.1925
0.32294787297783106,0.6911240917509617,0.19266666666666665
0.3230123851378346,0.6911240917509617,0.19333333333333333
0.3230748734345857,0.6909816213135774,0.19333333333333336
0.3231804852039456,0.6908391508761932,0.19349999999999998
0.32324511699220054,0.6908391508761932,0.19399999999999998
0.32328620965590826,0.6906966804388089,0.19416666666666665
0.3233077692564188,0.6906966804388089,0.19416666666666668
0.3232841992930034,0.6905542100014247,0.19433333333333333
0.3233057630736393,0.6905542100014247,0.195
0.32373379660563945,0.6902692691266562,0.19500000000000003
0.32379870346855577,0.6902692691266562,0.19614285714285715
0.3237535088891859,0.690126798689272,0.19649999999999998
0.32381843706130087,0.690126798689272,0.19666666666666666
0.3239248210822019,0.6899843282518877,0.19666666666666668
0.32398795583807294,0.6898418578145035,0.19683333333333333
0.324118080192784,0.6898418578145035,0.1975
0.32424648359008706,0.6896993873771192,0.19761904761904758
0.3242899249732047,0.6896993873771192,0.198
0.32426638081200587,0.689556916939735,0.19833333333333333
0.3244620231950124,0.689556916939735,0.19883333333333333
0.3244167337087691,0.6894144465023507,0.19899999999999998
0.32450375536480686,0.6894144465023507,0.2
0.32887122638220734,0.6720330531414731,0.20000000000000004
0.32882443173894854,0.6718905827040889,0.20016666666666666
0.3293296089385475,0.6718905827040889,0.2025
0.3293049249039469,0.6716056418293204,0.20250000000000004
0.3293969673677591,0.6716056418293204,0.2033333333333333
0.3293944902810796,0.6711782305171677,0.20333333333333337
0.3294619743930595,0.6708932896423992,0.20350000000000001
0.3295080820096564,0.6708932896423992,0.204
0.32950727883538633,0.670750819205015,0.20416666666666664
0.32964570788404984,0.670750819205015,0.20499999999999996
0.3295987675933058,0.6706083487676308,0.205
0.32978052030011923,0.6700384670180938,0.20566666666666666
0.32975664492601164,0.6698959965807095,0.2058333333333333
0.3298491757278148,0.6698959965807095,0.20633333333333334
0.3298252999368554,0.6697535261433253,0.20666666666666664
0.32991716973185453,0.669611055705941,0.20666666666666667
0.32986867055270735,0.6691836443937883,0.20733333333333331
0.3299381848833942,0.6691836443937883,0.2075
0.33000702740688687,0.6690411739564041,0.20785714285714285
0.3300998172360467,0.6690411739564041,0.20833333333333331
0.33009913520354356,0.6688987035190198,0.20833333333333337
0.33002743194766826,0.6684712922068671,0.209
0.3300738656348927,0.6684712922068671,0.20916666666666664
0.33002673420571266,0.6683288217694828,0.20916666666666667
0.33011963406052075,0.6683288217694828,0.21
0.33552775949089314,0.6535118962815216,0.21000000000000005
0.33555230431602046,0.6535118962815216,0.21016666666666667
0.33552824114720514,0.6533694258441374,0.21033333333333332
0.335479622448233,0.6532269554067531,0.2103809523809524
0.3354309966339821,0.6530844849693689,0.2104761904761905
0.33545554335894623,0.6530844849693689,0.21050000000000002
0.33540690866510536,0.6529420145319846,0.21066666666666667
0.33545600936905284,0.6529420145319846,0.21083333333333332
0.33540736402898763,0.6527995440946004,0.21083333333333334
0.3353100519803792,0.6525146032198319,0.21100000000000002
0.3353837141183363,0.6525146032198319,0.21166666666666664
0.33538416465245735,0.6523721327824477,0.21166666666666667
0.33545834249285555,0.6522296623450634,0.21183333333333335
0.33560589399604135,0.6522296623450634,0.2125
0.3356063938993987,0.6520871919076792,0.2126666666666667
0.3357541079812207,0.6520871919076792,0.21333333333333335
0.3357546408393866,0.6519447214702949,0.214
0.33580391869083437,0.6519447214702949,0.2145
0.33575517393218846,0.6518022510329107,0.2148095238095238
0.3358044627128597,0.6518022510329107,0.215
0.335978835978836,0.6513748397207579,0.2155
0.33607762422816817,0.6513748397207579,0.21666666666666665
0.336202457147061,0.6510898988459894,0.21666666666666667
0.3362284704843221,0.650804957971221,0.2175
0.3363281537668459,0.6506624875338367,0.218
0.33635292384740023,0.6506624875338367,0.21833333333333332
0.33632881555686506,0.6505200170964525,0.21833333333333335
0.3364031533190894,0.6505200170964525,0.21883333333333332
0.33635425876805186,0.6503775466590682,0.21899999999999997
0.3365526393394279,0.6503775466590682,0.22
0.34198041016222835,0.636700384670181,0.22011904761904763
0.34208511941212494,0.636700384670181,0.22083333333333333
0.3420347546505397,0.6365579142327967,0.22083333333333335
0.3420609401316797,0.6365579142327967,0.221
0.34203675344563556,0.6364154437954125,0.22149999999999997
0.3420629450953365,0.6364154437954125,0.22166666666666665
0.34211735866401105,0.6362729733580282,0.22166666666666668
0.34222426611481566,0.636130502920644,0.22183333333333333
0.34235546695292135,0.636130502920644,0.22333333333333333
0.34248887524934785,0.6359880324832597,0.22333333333333336
0.3425456778750192,0.6357030916084913,0.2237142857142857
0.34257197696737046,0.6357030916084913,0.22399999999999998
0.3425214987714988,0.635560621171107,0.22416666666666665
0.3425478000460723,0.635560621171107,0.22416666666666668
0.3425499231950845,0.6354181507337228,0.2243333333333333
0.3425762347338505,0.6354181507337228,0.2245
0.3425257335996313,0.6352756802963385,0.22475
0.34263101275549407,0.6352756802963385,0.225
0.3429341547939931,0.634420857672033,0.22545238095238093
0.34296056685150955,0.634420857672033,0.2255
0.3429099591773858,0.6342783872346488,0.22566666666666665
0.343094944512947,0.6342783872346488,0.22666666666666666
0.34317656129529683,0.6341359167972646,0.22666666666666668
0.34354739117011424,0.6341359167972646,0.22783333333333328
0.34352323606608,0.6339934463598803,0.22833333333333333
0.3434725546205512,0.6338509759224961,0.22833333333333336
0.34355212355212356,0.6338509759224961,0.22916666666666669
0.34352795798578933,0.6337085054851118,0.22933333333333333
0.3435037849528812,0.6335660350477276,0.23
0.34909295231979454,0.6196039321840718,0.2303333333333333
0.34940146219972684,0.6196039321840718,0.23199999999999998
0.34934918849429536,0.6194614617466876,0.23233333333333334
0.3493772599437525,0.6194614617466876,0.2325
0.3493288320874528,0.6191765208719191,0.23261904761904761
0.3492765273311897,0.6190340504345349,0.23266666666666666
0.3493046064796205,0.6190340504345349,0.2333333333333333
0.34930845931167576,0.6188915799971506,0.2334523809523809
0.3493646453273283,0.6188915799971506,0.23399999999999999
0.34936851419837506,0.6187491095597664,0.234
0.3495090938355062,0.6187491095597664,0.235
0.3498589278516727,0.6183216982476136,0.23500000000000004
0.3499435574907273,0.6183216982476136,0.23566666666666664
0.3499193548387097,0.6181792278102294,0.2358333333333333
0.35008875262223654,0.6181792278102294,0.23666666666666664
0.3502382298312202,0.6178942869354609,0.2366666666666667
0.3503231017770598,0.6178942869354609,0.2375
0.3504162961765419,0.6176093460606924,0.23800000000000002
0.3505296353198027,0.6176093460606924,0.2383333333333333
0.35050545895673274,0.6174668756233082,0.23916666666666664
0.3504529278550631,0.6173244051859239,0.2395
0.3504812747714956,0.6173244051859239,0.24
0.357281063346513,0.605071947570879,0.24000000000000005
0.3572570466975179,0.6049294771334948,0.24016666666666667
0.35755789473684213,0.6049294771334948,0.24166666666666667
0.3575941369724539,0.6047870066961105,0.24183333333333337
0.3577448171245576,0.6047870066961105,0.2425
0.35772083614295347,0.6046445362587263,0.24266666666666667
0.35775099047458486,0.6046445362587263,0.24333333333333332
0.357672849915683,0.6043595953839578,0.24333333333333335
0.35770917678812414,0.6042171249465735,0.244
0.3577393504850274,0.6042171249465735,0.24416666666666664
0.3577153463258247,0.6040746545091893,0.24416666666666667
0.3578361043126002,0.6040746545091893,0.245
0.3583629291391848,0.6037897136344209,0.24500000000000002
0.3583389715832206,0.6036472431970367,0.24516666666666662
0.3583692802165271,0.6036472431970367,0.2455952380952381
0.3583453176550207,0.6035047727596524,0.24583333333333332
0.3582910321489002,0.6033623023222682,0.24583333333333335
0.35832134698367035,0.6033623023222682,0.24600000000000002
0.3583276912660799,0.6032198318848839,0.24616666666666664
0.3588439698279515,0.6032198318848839,0.2475
0.3589113108360183,0.6030773614474997,0.24750000000000003
0.35894174510302723,0.6030773614474997,0.248
0.3589178186752608,0.6029348910101154,0.24833333333333332
0.35895478069059134,0.6027924205727312,0.24833333333333335
0.35893084429359357,0.602649950135347,0.24845238095238095
0.35908319185059423,0.602649950135347,0.24999999999999997
0.35905926303277297,0.6025074796979627,0.25
0.3653795175399841,0.5891152585838438,0.2502142857142857
0.36541180629197595,0.5891152585838438,0.2515
0.3653880148488598,0.5889727881464596,0.25166666666666665
0.3659378596087457,0.5889727881464596,0.25383333333333336
0.36588172804532576,0.5888303177090753,0.254
0.36604375166061465,0.5888303177090753,0.2546666666666667
0.3660200194879972,0.5886878472716911,0.255
0.36621717530163234,0.5881179655221541,0.25500000000000006
0.36631466855976574,0.5881179655221541,0.25566666666666665
0.36625843095491656,0.5879754950847699,0.2558333333333333
0.3663884943181818,0.5879754950847699,0.25595238095238093
0.3663647664713195,0.5878330246473856,0.256
0.36637356781241676,0.5876905542100014,0.2565
0.36643866038909123,0.5876905542100014,0.25666666666666665
0.3666103653658103,0.5875480837726171,0.2575
0.3666844539309854,0.5874056133352329,0.25816666666666666
0.3667170683981144,0.5874056133352329,0.2582142857142857
0.3666607365237502,0.5872631428978486,0.2583333333333333
0.36663701067615656,0.5871206724604644,0.25833333333333336
0.36666963252958445,0.5871206724604644,0.258452380952381
0.3666132763836982,0.5869782020230803,0.259047619047619
0.36667853328586686,0.5869782020230803,0.25933333333333336
0.3666547979348407,0.586835731585696,0.26
0.3715583572819134,0.571021513036045,0.2603333333333333
0.3721794038443681,0.571021513036045,0.26299999999999996
0.3721210995542348,0.5708790425986607,0.26316666666666666
0.3720973434887609,0.5707365721612765,0.2633333333333333
0.3721189591078067,0.570451631286508,0.26333333333333336
0.3721059972105997,0.5701666904117396,0.26345238095238094
0.3723137036003349,0.5701666904117396,0.265
0.3724504051411009,0.5697392790995869,0.2658333333333333
0.37269338303821065,0.5697392790995869,0.26666666666666666
0.3729588504245591,0.5694543382248184,0.267
0.3730284647690154,0.5694543382248184,0.2675
0.3730507050144738,0.5691693973500499,0.26766666666666666
0.3730855435188644,0.5691693973500499,0.268
0.3730618344853353,0.5690269269126657,0.26866666666666666
0.37327102803738316,0.5690269269126657,0.27
0.37817332944266124,0.5539250605499358,0.2705
0.37824691117813014,0.5539250605499358,0.27166666666666667
0.37829683698296834,0.5537825901125516,0.2725
0.37848101265822787,0.5537825901125516,0.2731666666666667
0.37845734320218155,0.5536401196751674,0.2733333333333333
0.3786549707602339,0.5534976492377831,0.2733333333333334
0.3786076443057722,0.5532127083630147,0.2735
0.3786814901501853,0.5532127083630147,0.27366666666666667
0.37869476148668424,0.5530702379256305,0.2738333333333334
0.3787317073170732,0.5530702379256305,0.275
0.379155260070395,0.5525003561760935,0.2753333333333334
0.37945205479452054,0.5525003561760935,0.2766666666666666
0.3795027407987471,0.5523578857387093,0.27666666666666667
0.37983736651317723,0.5523578857387093,0.2776666666666667
0.3798138167564919,0.552215415301325,0.2783333333333333
0.37980392156862747,0.5519304744265565,0.2783333333333334
0.37978034908805647,0.5517880039891723,0.27899999999999997
0.3798175934098264,0.5517880039891723,0.28
0.3861244508020844,0.5383957828750534,0.2803333333333333
0.38610117526826776,0.5382533124376692,0.2811666666666667
0.38614063777596075,0.5382533124376692,0.2815
0.38607789021772465,0.5381108420002849,0.2816666666666666
0.38615683467948064,0.5381108420002849,0.2818333333333333
0.3861335514878822,0.5379683715629007,0.2820833333333333
0.3861730415217836,0.5379683715629007,0.2823333333333333
0.38614975450081834,0.5378259011255164,0.2825
0.38615888615888616,0.5373984898133637,0.2831666666666667
0.3862379684620111,0.5373984898133637,0.2833333333333333
0.3863100727533559,0.5371135489385952,0.2833333333333334
0.38646847770374165,0.5371135489385952,0.284
0.3864055771990978,0.536971078501211,0.2841666666666667
0.3864848236259229,0.536971078501211,0.2843333333333333
0.38642190544559535,0.5368286080638267,0.2845
0.3863986049851267,0.5366861376264425,0.285
0.3868380462724936,0.5359737854395213,0.28500000000000003
0.3869972225079724,0.5359737854395213,0.28600000000000003
0.38693415637860085,0.5358313150021371,0.28633333333333333
0.38701378884544146,0.5358313150021371,0.2866666666666666
0.3869274318064848,0.5355463741273686,0.2866666666666667
0.38694398682042835,0.5354039036899844,0.2873333333333333
0.3870236869207003,0.5354039036899844,0.2875
0.38705688375927455,0.5351189628152159,0.2879761904761905
0.3870967741935484,0.5351189628152159,0.28833333333333333
0.3871300402186243,0.5348340219404474,0.28883333333333333
0.38710675605982464,0.5346915515030631,0.289
0.38714668867340624,0.5346915515030631,0.2893333333333334
0.3871234007428807,0.5345490810656789,0.2895000000000001
0.38716334743576514,0.5345490810656789,0.29
0.39152469268923873,0.5173101581421855,0.2906666666666667
0.3914590747330961,0.5171676877048013,0.29083333333333333
0.3914778856526429,0.517025217267417,0.29100000000000004
0.3915623651273198,0.517025217267417,0.29166666666666663
0.39149670875148374,0.5168827468300328,0.29183333333333333
0.391538959637384,0.5168827468300328,0.2918333333333334
0.3914732865623314,0.5167402763926485,0.2925
0.3914921183329734,0.5165978059552643,0.2926666666666667
0.3915766738660907,0.5165978059552643,0.2931666666666667
0.3915109623069446,0.51645533551788,0.29333333333333333
0.39154868691235273,0.5161703946431115,0.294
0.3914829226113273,0.5160279242057273,0.29428571428571426
0.39152524051453896,0.5160279242057273,0.2942857142857143
0.3914594594594595,0.515885453768343,0.29466666666666663
0.3915441176470588,0.515885453768343,0.295
0.3918553016354381,0.5154580424561903,0.2951904761904761
0.3918977469670711,0.5154580424561903,0.2956666666666667
0.3918318708698949,0.5153155720188061,0.29583333333333334
0.39204422284847174,0.5153155720188061,0.29666666666666663
0.39203990890358964,0.5150306311440376,0.2966666666666667
0.3920355902777778,0.5147456902692691,0.2973333333333333
0.3923335867086546,0.5147456902692691,0.29833333333333334
0.39248071281103986,0.5146032198318848,0.299
0.3924146924581613,0.5144607493945006,0.2990476190476191
0.3924573415933051,0.5144607493945006,0.29916666666666664
0.3923913043478261,0.5143182789571163,0.2991666666666667
0.39247662535333766,0.5143182789571163,0.3
0.3966716060640602,0.4957971220971648,0.30000000000000004
0.39676205677801846,0.4957971220971648,0.30016666666666664
0.3966932725199544,0.4956546516597806,0.30066666666666664
0.3968742870180242,0.4956546516597806,0.3016666666666667
0.3967819239986306,0.49536971078501213,0.30216666666666664
0.3968272083999087,0.49536971078501213,0.30238095238095236
0.39680365296803655,0.4952272403476279,0.3025
0.39671120246659813,0.4949422994728594,0.30333333333333334
0.3969142857142857,0.49479982903547515,0.30364285714285716
0.3969596525317179,0.49479982903547515,0.304
0.3968907178783722,0.4946573585980909,0.30416666666666664
0.3970722781335773,0.4946573585980909,0.305
0.39750200527099805,0.49422994728593816,0.30500000000000005
0.3974785100286533,0.4940874768485539,0.30583333333333335
0.39784329471148333,0.4940874768485539,0.3066666666666667
0.3976816251578102,0.4936600655364012,0.307
0.3978185993111366,0.4936600655364012,0.3071666666666667
0.3977494545872086,0.49351759509901694,0.3075
0.39781734635267085,0.4933751246616327,0.308
0.39786305147058826,0.4933751246616327,0.30833333333333335
0.3979075649574615,0.4930901837868642,0.3085
0.397838335058066,0.49294771334948,0.309
0.39781483611270846,0.49280524291209576,0.30999999999999994
0.3977455716586151,0.4926627724747115,0.31
0.40161953106115544,0.4734292634278387,0.31083333333333335
0.40171663442940037,0.4734292634278387,0.31133333333333335
0.40169286577992747,0.4732867929904545,0.3115
0.40162051033982343,0.47314432255307026,0.3116666666666667
0.40171767267448893,0.47314432255307026,0.3125
0.40164628979542427,0.4727169112409175,0.31250000000000006
0.4016949152542373,0.4727169112409175,0.3133333333333333
0.401817080557238,0.4725744408035333,0.31333333333333335
0.4018419777023752,0.47243197036614903,0.31338095238095237
0.4019881197720936,0.47243197036614903,0.315
0.40211318921544814,0.4717196181792278,0.31500000000000006
0.40208940719144803,0.47157714774184356,0.31533333333333335
0.40223599465305626,0.47157714774184356,0.31633333333333336
0.40216334467671366,0.4714346773044593,0.31666666666666665
0.4024093453394987,0.4711497364296908,0.31733333333333336
0.4023366192040891,0.4710072659923066,0.3175
0.4023855890944499,0.4710072659923066,0.318
0.4023128423615338,0.47086479555492233,0.3183333333333333
0.4022890539388774,0.4707223251175381,0.31833333333333336
0.4022162688748173,0.47057985468015384,0.31916666666666665
0.40255941499085923,0.47057985468015384,0.32
0.40728900255754474,0.4537683430688132,0.32066666666666666
0.4076017404658306,0.4537683430688132,0.3225
0.40755441741357235,0.45348340219404476,0.32266666666666666
0.40760660776027663,0.45348340219404476,0.3233333333333333
0.40776823484168695,0.45319846131927627,0.32333333333333336
0.4078728042056674,0.45319846131927627,0.32349999999999995
0.4077968709925622,0.453055990881892,0.3239999999999999
0.4078491727587534,0.453055990881892,0.324
0.40769724182168054,0.45277105000712353,0.3241666666666667
0.4077495509366179,0.45277105000712353,0.325
0.4076359429232549,0.4517737569454338,0.3255833333333333
0.4077932098765432,0.4517737569454338,0.32616666666666666
0.4077170418006431,0.45163128650804957,0.3263333333333334
0.40776948803704655,0.45163128650804957,0.32666666666666666
0.4077982241667739,0.4514888160706653,0.3266666666666667
0.40783202370217697,0.4510614047585126,0.32683333333333336
0.4078082721298802,0.45091893432112834,0.32733333333333337
0.4081237911025145,0.45091893432112834,0.32833333333333337
0.40804745937580605,0.45077646388374415,0.33
0.4121858957038638,0.4346773044593247,0.33049999999999996
0.4121064720983651,0.43453483402194043,0.33071428571428574
0.41202702702702704,0.4343923635845562,0.33100000000000007
0.4120827138802541,0.4343923635845562,0.33164285714285713
0.4120032441200324,0.43424989314717194,0.33166666666666667
0.4121703853955375,0.43424989314717194,0.3325
0.41220238095238093,0.4341074227097877,0.33299999999999996
0.41212285211744015,0.4339649522724035,0.33333333333333326
0.41245768449559916,0.4339649522724035,0.3341666666666667
0.4123781148429036,0.43382248183501926,0.335
0.41299335412993354,0.43382248183501926,0.3366666666666667
0.4129785500950312,0.4333950705228665,0.3368333333333334
0.4131468151568654,0.4333950705228665,0.3375
0.41323549395298276,0.4332526000854823,0.33766666666666667
0.41329165534112533,0.4332526000854823,0.33799999999999997
0.4132680804785209,0.43311012964809803,0.3383333333333334
0.4133804732118575,0.43311012964809803,0.3388333333333333
0.41330069359445126,0.4329676592107138,0.3396666666666667
0.41341314106924226,0.4329676592107138,0.34
0.4183891660727014,0.4181507337227525,0.3400000000000001
0.41830624465355004,0.4180082632853683,0.34083333333333327
0.4187241330098473,0.4180082632853683,0.3425
0.41865447793172406,0.41758085197321554,0.3426666666666667
0.4185714285714286,0.4174383815358313,0.3428333333333333
0.4186312330332905,0.4174383815358313,0.34333333333333327
0.41860797484636275,0.41729591109844705,0.3433333333333334
0.4190271816881259,0.41729591109844705,0.345
0.41947511831349493,0.4167260293489101,0.3456666666666666
0.4198966408268734,0.4167260293489101,0.34761904761904766
0.41981335247666907,0.4165835589115259,0.3476666666666667
0.41973004020677773,0.41644108847414163,0.348
0.4198506176386096,0.41644108847414163,0.3488333333333334
0.4197672748168367,0.4162986180367574,0.3493333333333333
0.41982758620689653,0.4162986180367574,0.35
0.42555438225976766,0.40190910386094886,0.3508333333333333
0.42559613643223665,0.4017666334235646,0.3515
0.42611060743427015,0.4017666334235646,0.355
0.4266464799394398,0.4014816925487961,0.35600000000000004
0.4264728153869453,0.40119675167402763,0.35666666666666663
0.42625435804153405,0.40062686992449065,0.3566666666666667
0.4263836239575436,0.40062686992449065,0.3571666666666667
0.4262966333030027,0.4004843994871064,0.3575
0.42662012444984065,0.4004843994871064,0.3583333333333333
0.4263589432128758,0.4000569881749537,0.35833333333333334
0.42642369020501136,0.4000569881749537,0.3586666666666667
0.4264013367765456,0.3999145177375695,0.3587857142857143
0.42646611972044973,0.3999145177375695,0.35916666666666663
0.4263789697614344,0.39977204730018523,0.36
0.4305822136916187,0.3835304174383815,0.36016666666666675
0.43065109582466804,0.3835304174383815,0.3608333333333333
0.43062890062409986,0.3833879470009973,0.361
0.4307667680486634,0.3833879470009973,0.3616666666666667
0.43067563240473905,0.3832454765636131,0.3618333333333333
0.43081358103779627,0.3832454765636131,0.3625
0.4308604390322064,0.38310300612622883,0.36316666666666664
0.43083827536464175,0.3829605356888446,0.3633333333333333
0.43102341995508503,0.38281806525146034,0.36333333333333334
0.43171593830334193,0.38281806525146034,0.3655
0.4316246183512775,0.3826755948140761,0.366
0.431533269045323,0.38253312437669185,0.3661666666666667
0.43160263623211703,0.38253312437669185,0.36666666666666664
0.4315806399742724,0.3823906539393076,0.3666666666666667
0.43162805662805664,0.38224818350192336,0.36733333333333335
0.4316975060337892,0.38224818350192336,0.3675
0.43167551907291163,0.3821057130645391,0.36764285714285705
0.43174500965872503,0.3821057130645391,0.3683333333333333
0.4316315026574328,0.3818207721897706,0.36833333333333335
0.43160947317544707,0.3816783017523864,0.36916666666666664
0.4316569954867827,0.3815358313150021,0.36983333333333335
0.4317265839110108,0.3815358313150021,0.37
0.4352921195652174,0.3651517310158142,0.37066666666666664
0.4351961950059453,0.36500926057843,0.3708333333333333
0.43524813052345346,0.3648667901410457,0.37083333333333335
0.43569241238516504,0.3648667901410457,0.37266666666666665
0.4355963927173728,0.3647243197036615,0.3728333333333333
0.43611584327086883,0.3647243197036615,0.37333333333333335
0.43624275485850667,0.36458184926627724,0.3735000000000001
0.4364659730513389,0.36458184926627724,0.3741666666666667
0.43644429278280156,0.364439378828893,0.37433333333333335
0.4365932753029527,0.364439378828893,0.375
0.4371042272805066,0.363869497079356,0.37545238095238104
0.4372538948810135,0.363869497079356,0.37633333333333335
0.4372324028087001,0.3637270266419718,0.3765
0.43713600548132925,0.3635845562045876,0.37666666666666665
0.43736075407026564,0.3635845562045876,0.3766666666666667
0.43746783324755534,0.3632996153298191,0.37733333333333335
0.4381443298969072,0.3632996153298191,0.37833333333333335
0.4381230663458233,0.36315714489243484,0.38
0.4459016393442623,0.3487676307166263,0.38066666666666665
0.44580069229367825,0.34862516027924206,0.38166666666666665
0.4455986878075451,0.34834021940447357,0.3816666666666667
0.4455788514129444,0.3481977489670893,0.382
0.44547775346462437,0.3480552785297051,0.3825
0.4457017703960577,0.34791280809232084,0.38316666666666666
0.445600584154801,0.3477703376549366,0.3833333333333333
0.4452568086273076,0.34705798546801536,0.38333333333333336
0.44558258642765686,0.34705798546801536,0.385
0.44558634611855386,0.34591822196894145,0.38533333333333336
0.4457499541031761,0.34591822196894145,0.386
0.44573002754820934,0.3457757515315572,0.3863333333333333
0.4456282145481264,0.34563328109417296,0.38666666666666666
0.4459558823529412,0.34563328109417296,0.38733333333333336
0.4458540172825887,0.3454908106567887,0.3875
0.4459360058845164,0.3454908106567887,0.3878333333333333
0.44583409968732757,0.34534834021940447,0.38799999999999996
0.445916114790287,0.34534834021940447,0.38800000000000007
0.44589620905410376,0.3452058697820202,0.38916666666666666
0.44579422050432543,0.345063399344636,0.39
0.45206275421266706,0.33252600085482265,0.3901666666666666
0.4525009693679721,0.33252600085482265,0.392
0.45239480318014347,0.3323835304174384,0.3925
0.4524641055490881,0.33224105998005415,0.3933333333333333
0.45281553398058255,0.33224105998005415,0.3935
0.4527092639347446,0.3320985895426699,0.3949999999999999
0.4527972027972028,0.3320985895426699,0.395
0.45330739299610895,0.33195611910528566,0.39511904761904765
0.4532010118700136,0.3318136486679014,0.396
0.4533774576601129,0.3318136486679014,0.39666666666666667
0.45344760420724584,0.33167117823051717,0.3966666666666667
0.45380116959064326,0.33167117823051717,0.3975
0.45390625,0.3311012964809802,0.3983333333333334
0.45379957022856027,0.33095882604359594,0.4
0.4580844490216272,0.3168542527425559,0.40049999999999997
0.4582732330517206,0.3168542527425559,0.4008333333333334
0.4582560296846011,0.31671178230517166,0.40114285714285713
0.4584450402144772,0.31671178230517166,0.402
0.4583333333333333,0.3165693118677874,0.4025
0.4582215803589849,0.31642684143040317,0.4025238095238095
0.45810978126289725,0.3162843709930189,0.40299999999999997
0.4582043343653251,0.3162843709930189,0.40399999999999997
0.45809248554913296,0.3161419005556347,0.4041666666666666
0.45837636851890107,0.3161419005556347,0.405
0.4587383660806618,0.3159994301182505,0.4050000000000001
0.4589282019449617,0.3159994301182505,0.406
0.4588162251655629,0.31585695968086624,0.40666666666666673
0.4591963545981773,0.31585695968086624,0.4083333333333334
0.4590843173813963,0.315714489243482,0.409
0.45906735751295336,0.31557201880609775,0.41
0.4660385626643295,0.30303462031628436,0.4108333333333333
0.46624287593160896,0.30303462031628436,0.41166666666666674
0.4661258495943872,0.3028921498789001,0.412
0.46633033559991227,0.3028921498789001,0.41233333333333333
0.46621325142606407,0.3027496794415159,0.41261904761904766
0.4667252361080606,0.3027496794415159,0.41450000000000004
0.46671061305207645,0.3026072090041316,0.415
0.4669749009247028,0.3021797976919789,0.4157142857142857
0.46748953052677983,0.3021797976919789,0.41716666666666663
0.46747519294377066,0.30203732725459465,0.4175
0.4678878834694328,0.30203732725459465,0.41833333333333333
0.4677704194260486,0.30189485681721046,0.4193333333333334
0.46765290351070876,0.3017523863798262,0.41983333333333334
0.46774193548387094,0.30160991594244196,0.42
0.47344819447722447,0.285795697392791,0.4208333333333333
0.4737836561171469,0.285795697392791,0.4225
0.4738832427322146,0.28565322695540674,0.42333333333333334
0.4742194891201514,0.28565322695540674,0.425
0.47474507944036043,0.285225815643254,0.42516666666666664
0.47485768500948766,0.285225815643254,0.4258333333333333
0.47473309608540926,0.2850833452058698,0.42666666666666664
0.47507122507122507,0.2850833452058698,0.4275
0.4751722499406035,0.28494087476848556,0.42816666666666664
0.47504752851711024,0.2847984043311013,0.42833333333333334
0.4751486325802616,0.2846559338937171,0.42900000000000005
0.47513680704258865,0.2845134634563328,0.43
0.48369152970922885,0.2725459467160564,0.431452380952381
0.48356095093576124,0.2724034762786722,0.43166666666666664
0.48380566801619435,0.2724034762786722,0.4316666666666667
0.48367501898253606,0.27226100584128793,0.4325
0.4835443037974684,0.2721185354039037,0.4328333333333333
0.4834135224107369,0.27197606496651944,0.4333333333333333
0.4832742017232641,0.27169112409175095,0.43333333333333335
0.48339670468948037,0.27169112409175095,0.43400000000000005
0.4832657200811359,0.2715486536543667,0.435
0.48375634517766497,0.2715486536543667,0.43666666666666665
0.4839939024390244,0.27140618321698246,0.4366666666666667
0.4846095141185449,0.27140618321698246,0.44
0.48871976080456647,0.2561618464168685,0.44166666666666665
0.48911860718171923,0.2561618464168685,0.4425
0.4889795918367347,0.25601937597948426,0.44299999999999995
0.4896457765667575,0.25601937597948426,0.44416666666666665
0.48964013086150493,0.2558769055421,0.445
0.49001914137270985,0.25530702379256304,0.44666666666666666
0.4897400820793434,0.25502208291779455,0.44733333333333336
0.4897344648234328,0.2548796124804103,0.4481666666666666
0.4895947426067908,0.25473714204302605,0.4483333333333333
0.4895890410958904,0.2545946716056418,0.4496666666666666
0.48972321183886,0.2545946716056418,0.45
0.4919614147909968,0.23977774611768057,0.4508333333333333
0.49166422930681486,0.23949280524291208,0.4515
0.4918080748976009,0.23949280524291208,0.45166666666666666
0.4916593503072871,0.23935033480552786,0.4525
0.4918032786885246,0.23935033480552786,0.4533333333333333
0.49194257251684737,0.23920786436814362,0.4538333333333334
0.49208675263774915,0.23920786436814362,0.455
0.4923708920187793,0.23906539393075937,0.4556666666666667
0.4926600117439812,0.23906539393075937,0.45666666666666667
0.49251101321585905,0.23892292349337513,0.4566666666666667
0.49338040600176525,0.23892292349337513,0.46
0.49686126804770875,0.2255307023792563,0.46049999999999996
0.4967032967032967,0.22538823194187207,0.4606666666666667
0.49685929648241206,0.22538823194187207,0.461
0.4968573224387178,0.22524576150448783,0.4613333333333333
0.4971698113207547,0.22524576150448783,0.4625
0.497011638880151,0.22510329106710358,0.4633333333333334
0.4990524320909665,0.22510329106710358,0.46666666666666673
0.49873577749683945,0.2248183501923351,0.4675
0.49857730003161554,0.22467587975495085,0.4691666666666666
0.4990506329113924,0.22467587975495085,0.47
0.5040760869565217,0.21142612907821626,0.4703333333333334
0.505277494041539,0.21142612907821626,0.47450000000000003
0.5051089918256131,0.21128365864083204,0.4746666666666666
0.505453306066803,0.21128365864083204,0.475
0.505291908501195,0.2108562473286793,0.47583333333333333
0.505464480874317,0.2108562473286793,0.4766666666666666
0.5054682159945317,0.21071377689129506,0.47666666666666674
0.5059869996578857,0.21071377689129506,0.48
0.5128676470588235,0.19874626015101865,0.48100000000000004
0.5126884884148584,0.19860378971363443,0.4816666666666667
0.5128771155261221,0.19860378971363443,0.4825
0.512707182320442,0.19831884883886594,0.48266666666666663
0.5128960943257185,0.19831884883886594,0.4848333333333334
0.512905604719764,0.1981763784014817,0.485
0.5132939438700148,0.19803390796409745,0.48649999999999993
0.5133037694013304,0.1978914375267132,0.48666666666666664
0.5135035146133925,0.19774896708932896,0.4866666666666667
0.5135135135135135,0.1976064966519447,0.48833333333333334
0.513894034827714,0.1976064966519447,0.49
0.5223700120918985,0.18464168684997864,0.4915
0.5227914481645825,0.18464168684997864,0.4916666666666667
0.5225988700564972,0.1844992164125944,0.49183333333333334
0.5228098506257569,0.1844992164125944,0.4933333333333333
0.5228282828282829,0.18435674597521015,0.49333333333333335
0.52303961196443,0.18435674597521015,0.495
0.5236938031591738,0.1842142755378259,0.49566666666666664
0.5239059967585089,0.1842142755378259,0.49666666666666665
0.5237515225334958,0.18378686422567317,0.4966666666666667
0.5235580828594638,0.18364439378828892,0.4975
0.5237708248679399,0.18364439378828892,0.4983333333333333
0.5235772357723577,0.18350192335090468,0.49883333333333335
0.5240032546786005,0.18350192335090468,0.5
0.5295922840859272,0.17210428836016525,0.5021666666666667
0.5298245614035088,0.17210428836016525,0.5025
0.5296182536200088,0.17196181792278104,0.5045
0.5294117647058824,0.1718193474853968,0.505
0.5294376098418277,0.17167687704801254,0.5066666666666666
0.5296703296703297,0.17167687704801254,0.5066666666666667
0.5292564892212934,0.17139193617324405,0.5075
0.5299559471365639,0.17139193617324405,0.51
0.5348176219801042,0.16084912380681007,0.5106666666666666
0.5353247984826932,0.16084912380681007,0.5133333333333333
0.5356125356125356,0.16070665336942586,0.515
0.5356463878326996,0.1605641829320416,0.5166666666666666
0.5354255825011888,0.16042171249465736,0.5166666666666667
0.5356803044719315,0.16042171249465736,0.5175
0.5354593050928129,0.16027924205727312,0.5183333333333333
0.5355269432522651,0.15999430118250463,0.5189761904761905
0.5353053435114504,0.15985183074512038,0.5189999999999999
0.5358166189111748,0.15985183074512038,0.52
0.5424164524421594,0.15030631144037612,0.5208571428571428
0.5421810699588477,0.15016384100299188,0.5216666666666666
0.5419454451878538,0.15002137056560763,0.5223333333333333
0.5417095777548918,0.14987890012822339,0.5225
0.5414734672849046,0.14973642969083914,0.523
0.5420319752449716,0.14973642969083914,0.5233333333333333
0.5420753742901394,0.1495939592534549,0.525
0.5416451112260735,0.14916654794130219,0.5266666666666667
0.5414078674948241,0.14902407750391794,0.5275
0.5414507772020726,0.1488816070665337,0.5281666666666667
0.5422937208095485,0.1488816070665337,0.53
0.5467263570229435,0.1391936173244052,0.5306666666666666
0.5464725643896976,0.13905114688702094,0.5323333333333334
0.5462184873949579,0.1389086764496367,0.5325
0.54652466367713,0.1389086764496367,0.5333333333333333
0.5466292134831461,0.1386237355748682,0.535
0.5466816647919011,0.13848126513748396,0.5351666666666667
0.5482233502538071,0.13848126513748396,0.54
0.5567073170731708,0.13007550933181364,0.5425
0.5564368517388651,0.1299330388944294,0.5433333333333333
0.5571166768478925,0.1299330388944294,0.544
0.5568459657701712,0.12979056845704517,0.5443333333333333
0.5565749235474006,0.12964809801966093,0.545
0.5566442131047152,0.12950562758227668,0.5454761904761906
0.5569852941176471,0.12950562758227668,0.5466666666666666
0.5570552147239264,0.12936315714489244,0.5479999999999999
0.5567833026396563,0.1292206867075082,0.5488333333333334
0.5571253071253072,0.1292206867075082,0.5489999999999999
0.5568531038721574,0.12907821627012395,0.5491666666666667
0.5571955719557196,0.12907821627012395,0.55
0.5627503337783711,0.12010257871491666,0.5501666666666667
0.5635026737967914,0.12010257871491666,0.555
0.5639651707970529,0.11996010827753241,0.5562619047619046
0.5636729222520107,0.11981763784014816,0.5566666666666666
0.5637583892617449,0.11967516740276393,0.5568333333333333
0.5641370047011417,0.11967516740276393,0.5583333333333332
0.5638440860215054,0.11953269696537969,0.5583333333333333
0.5635507733691997,0.11939022652799544,0.56
0.5664233576642336,0.1105570594101724,0.5603571428571429
0.5668371073776479,0.1105570594101724,0.5625
0.5665204678362573,0.11041458897278815,0.5633333333333334
0.5662033650329188,0.1102721185354039,0.5635
0.5663003663003663,0.11012964809801966,0.564
0.566813509544787,0.10998717766063541,0.565
0.5678466076696165,0.10970223678586694,0.5650000000000001
0.568685376661743,0.10970223678586694,0.5683333333333334
0.5692079940784603,0.10955976634848269,0.5693333333333334
0.5696296296296296,0.10955976634848269,0.57
0.573051948051948,0.1005841287932754,0.5708333333333333
0.5739837398373984,0.1005841287932754,0.5725
0.5736371033360456,0.10044165835589115,0.5733333333333334
0.5745721271393643,0.10044165835589115,0.5766666666666667
0.5746938775510204,0.10029918791850691,0.5791666666666667
0.5751633986928104,0.10029918791850691,0.58
0.5831087151841868,0.09246331386237355,0.5808333333333333
0.5846846846846847,0.09246331386237355,0.5833333333333333
0.5843101893597836,0.09232084342498932,0.5833333333333334
0.5844625112917796,0.09217837298760508,0.585
0.5849909584086799,0.09217837298760508,0.5875
0.5842391304347826,0.09189343211283658,0.59
0.5849802371541502,0.08434249893147172,0.5901666666666666
0.5851485148514851,0.08420002849408748,0.5916666666666667
0.5886454183266933,0.08420002849408748,0.6
0.594059405940594,0.07693403618749109,0.6016666666666667
0.5960264900662252,0.07693403618749109,0.61
0.605072463768116,0.07137768912950562,0.6116666666666667
0.6045949214026602,0.07123521869212139,0.6133333333333333
0.6053268765133172,0.07123521869212139,0.615
0.6043689320388349,0.0709502778173529,0.6166666666666667
0.6058394160583942,0.0709502778173529,0.6183333333333334
0.6053593179049939,0.07080780737996865,0.619
0.6060975609756097,0.07080780737996865,0.62
0.6002710027100271,0.06311440376121955,0.623
0.6010854816824966,0.06311440376121955,0.625
0.6008174386920981,0.06282946288645107,0.63
0.5975975975975976,0.056703234078928626,0.6308333333333332
0.5993975903614458,0.056703234078928626,0.6325
0.5996978851963746,0.05656076364154438,0.6349999999999999
0.6015151515151516,0.05656076364154438,0.636
0.6009104704097117,0.056418293204160135,0.6366666666666666
0.6003039513677811,0.056275822766775896,0.64
0.5969387755102041,0.050007123521869215,0.6433333333333334
0.596252129471891,0.04986465308448497,0.6466666666666666
0.5955631399317406,0.049722182647100724,0.65
0.5965583173996176,0.04445077646388374,0.6531666666666667
0.5988483685220729,0.04445077646388374,0.6583333333333334
0.5992292870905588,0.0443083060264995,0.6591666666666666
0.5984555984555985,0.04416583558911526,0.66
0.6017505470459519,0.03917937028066676,0.6616666666666666
0.6030701754385965,0.03917937028066676,0.6633333333333334
0.6013215859030837,0.038894429405898275,0.6656666666666666
0.6004415011037527,0.038751958968514036,0.667
0.6017699115044248,0.038751958968514036,0.6675
0.6008869179600886,0.03860948853112979,0.67
0.6056701030927835,0.03348055278529705,0.6706666666666666
0.6046511627906976,0.03333808234791281,0.675
0.6036269430051814,0.03319561191052856,0.6775
0.6025974025974026,0.033053141473144323,0.68
0.6179104477611941,0.029491380538538253,0.6808333333333333
0.6167664670658682,0.02934891010115401,0.685
0.6204819277108434,0.02934891010115401,0.6893333333333332
0.6212121212121212,0.02920643966376977,0.69
0.6111111111111112,0.025074796979626727,0.6925
0.6132404181184669,0.025074796979626727,0.7
0.6265560165975104,0.021513036045020657,0.7058333333333334
0.6317991631799164,0.021513036045020657,0.71
0.6341463414634146,0.018521156859951562,0.715
0.6372549019607843,0.018521156859951562,0.72
0.6395348837209303,0.015671748112266706,0.725
0.6374269005847953,0.015529277674882462,0.73
0.6274509803921569,0.013677161988887306,0.7333333333333334
0.625,0.013534691551503063,0.735
0.6225165562913907,0.01339222111411882,0.74
0.626984126984127,0.01125516455335518,0.745
0.632,0.01125516455335518,0.75
0.6568627450980392,0.009545519304744265,0.76
0.6987951807228916,0.008263285368286081,0.77
0.7272727272727273,0.006838580994443653,0.78
0.75,0.005556347057985468,0.79
0.7631578947368421,0.0041316426841430404,0.8
0.7352941176470589,0.0035617609346060694,0.805
0.7272727272727273,0.0034192904972218264,0.81
0.7857142857142857,0.003134349622453341,0.82
0.782608695652174,0.00256446787291637,0.83
0.6666666666666666,0.0014247043738424277,0.8320000000000001
0.6428571428571429,0.001282233936458185,0.84
0.8181818181818182,0.001282233936458185,0.85
0.8888888888888888,0.0011397634990739421,0.86
0.875,0.0009972930616896994,0.87
1.0,0.0005698817495369711,0.88
1.0,0.0004274113121527283,0.89
1.0,0.00014247043738424277,0.91
1.0,0.0,
