false_positive_rate,true_positive_rate,threshold
0.0,0.0,
0.0,0.00014247043738424277,0.91
0.0,0.0004274113121527283,0.89
0.0,0.0005698817495369711,0.88
2.5722810988784854e-05,0.0009972930616896994,0.87
2.5722810988784854e-05,0.0011397634990739421,0.86
5.144562197756971e-05,0.001282233936458185,0.85
0.00012861405494392426,0.001282233936458185,0.84
0.00012861405494392426,0.0014247043738424277,0.8320000000000001
0.00012861405494392426,0.00256446787291637,0.83
0.00015433686593270912,0.003134349622453341,0.82
0.0002315052988990637,0.0034192904972218264,0.81
0.0002315052988990637,0.0035617609346060694,0.805
0.0002315052988990637,0.0041316426841430404,0.8
0.0003343965428542031,0.005556347057985468,0.79
0.0004630105977981274,0.006838580994443653,0.78
0.0006430702747196213,0.008263285368286081,0.77
0.0009002983846074699,0.009545519304744265,0.76
0.0011832493054841032,0.01125516455335518,0.75
0.0012089721164728882,0.01125516455335518,0.745
0.0014662002263607368,0.01339222111411882,0.74
0.0014662002263607368,0.013677161988887306,0.7333333333333334
0.001594814281304661,0.015529277674882462,0.73
0.001594814281304661,0.015671748112266706,0.725
0.0019034880131700792,0.018521156859951562,0.72
0.001929210824158864,0.018521156859951562,0.715
0.002263607367013067,0.021513036045020657,0.71
0.002315052988990637,0.021513036045020657,0.7058333333333334
0.0028552320197551186,0.025074796979626727,0.7
0.0028809548307439036,0.025074796979626727,0.6925
0.003215351373598107,0.02920643966376977,0.69
0.003241074184586892,0.02934891010115401,0.6893333333333332
0.0032925198065644613,0.02934891010115401,0.685
0.0032925198065644613,0.029491380538538253,0.6808333333333333
0.003935590081284083,0.033053141473144323,0.68
0.003935590081284083,0.03348055278529705,0.6706666666666666
0.004630105977981274,0.03860948853112979,0.67
0.004630105977981274,0.038751958968514036,0.6675
0.004655828788970058,0.038751958968514036,0.667
0.004655828788970058,0.038894429405898275,0.6656666666666666
0.004655828788970058,0.03917937028066676,0.6633333333333334
0.004681551599958844,0.03917937028066676,0.6616666666666666
0.0053503446856672495,0.04416583558911526,0.66
0.0053503446856672495,0.0443083060264995,0.6591666666666666
0.005376067496656035,0.04445077646388374,0.6583333333333334
0.005427513118633604,0.04445077646388374,0.6531666666666667
0.0060963062043420104,0.049722182647100724,0.65
0.0060963062043420104,0.050007123521869215,0.6433333333333334
0.006765099290050417,0.056275822766775896,0.64
0.006765099290050417,0.05656076364154438,0.636
0.006816544912027986,0.05656076364154438,0.6349999999999999
0.006842267723016771,0.056703234078928626,0.6325
0.006893713344994341,0.056703234078928626,0.6308333333333332
0.0075367836197139625,0.06282946288645107,0.63
0.007562506430702747,0.06311440376121955,0.625
0.007588229241691532,0.06311440376121955,0.623
0.008308467949377509,0.07080780737996865,0.62
0.008334190760366292,0.07080780737996865,0.619
0.008334190760366292,0.0709502778173529,0.6183333333333334
0.008385636382343863,0.0709502778173529,0.6166666666666667
0.008385636382343863,0.07123521869212139,0.615
0.008411359193332647,0.07123521869212139,0.6133333333333333
0.008411359193332647,0.07137768912950562,0.6116666666666667
0.009414548821895257,0.07693403618749109,0.61
0.009491717254861611,0.07693403618749109,0.6016666666666667
0.010623520938368144,0.08420002849408748,0.6
0.010726412182323284,0.08420002849408748,0.595
0.010777857804300853,0.08420002849408748,0.5916666666666667
0.010803580615289639,0.08434249893147172,0.5901666666666666
0.011806770243852249,0.09189343211283658,0.59
0.011806770243852249,0.09217837298760508,0.5875
0.011832493054841032,0.09217837298760508,0.585
0.011858215865829818,0.09232084342498932,0.5833333333333334
0.011858215865829818,0.09246331386237355,0.5833333333333333
0.011935384298796172,0.09246331386237355,0.5808333333333333
0.013375861714168125,0.10029918791850691,0.58
0.013401584525156909,0.10029918791850691,0.5791666666666667
0.013427307336145694,0.10044165835589115,0.5766666666666667
0.013478752958123263,0.10044165835589115,0.5733333333333334
0.013478752958123263,0.1005841287932754,0.5725
0.013530198580100834,0.1005841287932754,0.5708333333333333
0.014944953184484,0.10955976634848269,0.57
0.014970675995472785,0.10955976634848269,0.5693333333333334
0.015022121617450354,0.10970223678586694,0.5683333333333334
0.015073567239427925,0.10970223678586694,0.5650000000000001
0.015176458483383065,0.10998717766063541,0.565
0.015227904105360634,0.11012964809801966,0.564
0.01525362691634942,0.1102721185354039,0.5635
0.01525362691634942,0.1105570594101724,0.5625
0.015279349727338203,0.1105570594101724,0.5603571428571429
0.01669410433172137,0.11939022652799544,0.56
0.01669410433172137,0.11967516740276393,0.5583333333333332
0.016719827142710156,0.11967516740276393,0.5568333333333333
0.01674554995369894,0.11981763784014816,0.5566666666666666
0.01674554995369894,0.11996010827753241,0.5562619047619046
0.01679699557567651,0.12010257871491666,0.555
0.01684844119765408,0.12010257871491666,0.5501666666666667
0.018520423911925096,0.12907821627012395,0.55
0.01854614672291388,0.12907821627012395,0.5491666666666667
0.01854614672291388,0.1292206867075082,0.5489999999999999
0.018571869533902666,0.1292206867075082,0.5488333333333334
0.018571869533902666,0.12936315714489244,0.5479999999999999
0.01859759234489145,0.12950562758227668,0.5466666666666666
0.018623315155880234,0.12950562758227668,0.5454761904761906
0.01864903796686902,0.12964809801966093,0.545
0.01864903796686902,0.1299330388944294,0.544
0.01870048358884659,0.1299330388944294,0.5433333333333333
0.01870048358884659,0.13007550933181364,0.5425
0.020603971602016668,0.13848126513748396,0.54
0.020629694413005453,0.13848126513748396,0.5366666666666667
0.020681140034983024,0.13848126513748396,0.5366666666666666
0.02073258565696059,0.13848126513748396,0.5351666666666667
0.020758308467949377,0.1386237355748682,0.535
0.020809754089926948,0.1389086764496367,0.5333333333333333
0.020835476900915733,0.1389086764496367,0.5325
0.020835476900915733,0.1391936173244052,0.5306666666666666
0.02268751929210824,0.1488816070665337,0.53
0.022764687725074596,0.1488816070665337,0.5281666666666667
0.02279041053606338,0.14902407750391794,0.5275
0.02279041053606338,0.14916654794130219,0.5266666666666667
0.022816133347052167,0.1495939592534549,0.525
0.02284185615804095,0.14973642969083914,0.5233333333333333
0.02289330178001852,0.14973642969083914,0.523
0.02289330178001852,0.15030631144037612,0.5208571428571428
0.025002572281098877,0.15985183074512038,0.52
0.02505401790307645,0.15985183074512038,0.5189999999999999
0.02505401790307645,0.15999430118250463,0.5189761904761905
0.02510546352505402,0.16027924205727312,0.5183333333333333
0.02510546352505402,0.16042171249465736,0.5175
0.0251311863360428,0.16042171249465736,0.5166666666666667
0.0251311863360428,0.1605641829320416,0.5166666666666666
0.025156909147031586,0.16070665336942586,0.515
0.025208354769009157,0.16084912380681007,0.5133333333333333
0.025259800390986728,0.16084912380681007,0.5106666666666666
0.02744623932503344,0.17139193617324405,0.51
0.027471962136022224,0.17139193617324405,0.5083333333333333
0.027523407757999795,0.17139193617324405,0.5075
0.027523407757999795,0.17167687704801254,0.5066666666666667
0.02754913056898858,0.17167687704801254,0.5066666666666666
0.027574853379977365,0.1718193474853968,0.505
0.027574853379977365,0.17210428836016525,0.5025
0.027600576190966147,0.17210428836016525,0.5021666666666667
0.03009568885687828,0.18350192335090468,0.5
0.03014713447885585,0.18350192335090468,0.49883333333333335
0.03014713447885585,0.18364439378828892,0.4983333333333333
0.030172857289844635,0.18364439378828892,0.4975
0.030172857289844635,0.18378686422567317,0.4966666666666667
0.030224302911822203,0.1842142755378259,0.49666666666666665
0.030250025722810988,0.1842142755378259,0.49566666666666664
0.03035291696676613,0.18435674597521015,0.495
0.03037863977775491,0.18435674597521015,0.49333333333333335
0.030404362588743697,0.1844992164125944,0.4933333333333333
0.030430085399732482,0.1844992164125944,0.49183333333333334
0.030430085399732482,0.18464168684997864,0.4916666666666667
0.030481531021710053,0.18464168684997864,0.4915
0.03374832801728573,0.1976064966519447,0.49
0.0337997736392633,0.1976064966519447,0.48833333333333334
0.03382549645025208,0.19774896708932896,0.4866666666666667
0.03387694207222965,0.1978914375267132,0.48666666666666664
0.033902664883218435,0.19803390796409745,0.48649999999999993
0.033979833316184795,0.1981763784014817,0.485
0.034005556127173577,0.19831884883886594,0.4848333333333334
0.034031278938162365,0.19831884883886594,0.48266666666666663
0.03405700174915115,0.19860378971363443,0.4825
0.03408272456013993,0.19860378971363443,0.4816666666666667
0.03408272456013993,0.19874626015101865,0.48100000000000004
0.03714373906780533,0.21071377689129506,0.48
0.0371951846897829,0.21071377689129506,0.47833333333333333
0.037220907500771686,0.21071377689129506,0.47666666666666674
0.03724663031176047,0.2108562473286793,0.4766666666666666
0.037272353122749256,0.2108562473286793,0.47583333333333333
0.03732379874472683,0.21128365864083204,0.475
0.03737524436670439,0.21128365864083204,0.4746666666666666
0.03737524436670439,0.21142612907821626,0.47450000000000003
0.03747813561065953,0.21142612907821626,0.4728333333333333
0.0375295812326371,0.21142612907821626,0.4725
0.037555304043625885,0.21142612907821626,0.4703333333333334
0.040719209795246424,0.22467587975495085,0.47
0.040796378228212776,0.22467587975495085,0.4691666666666666
0.040796378228212776,0.2248183501923351,0.4675
0.040796378228212776,0.22510329106710358,0.46666666666666673
0.040822101039201565,0.22510329106710358,0.4666666666666666
0.040873546661179136,0.22510329106710358,0.466
0.041105051960078194,0.22510329106710358,0.465
0.04113077477106698,0.22510329106710358,0.4633333333333334
0.04113077477106698,0.22524576150448783,0.4625
0.041182220393044554,0.22524576150448783,0.4613333333333333
0.041207943204033336,0.22538823194187207,0.461
0.041233666015022125,0.22538823194187207,0.4606666666666667
0.041233666015022125,0.2255307023792563,0.46049999999999996
0.04429468052268752,0.23892292349337513,0.46
0.04434612614466509,0.23892292349337513,0.45866666666666667
0.04444901738862023,0.23892292349337513,0.4566666666666667
0.04444901738862023,0.23906539393075937,0.45666666666666667
0.0445004630105978,0.23906539393075937,0.4556666666666667
0.04457763144356415,0.23920786436814362,0.455
0.04460335425455294,0.23920786436814362,0.4538333333333334
0.04465479987653051,0.23935033480552786,0.4533333333333333
0.04468052268751929,0.23935033480552786,0.4525
0.04468052268751929,0.23949280524291208,0.45166666666666666
0.044706245498508074,0.23949280524291208,0.4515
0.044706245498508074,0.23977774611768057,0.4508333333333333
0.0478958740611174,0.2545946716056418,0.45
0.04792159687210618,0.2545946716056418,0.4496666666666666
0.04794731968309497,0.25473714204302605,0.4483333333333333
0.04794731968309497,0.2548796124804103,0.4481666666666666
0.047973042494083754,0.25502208291779455,0.44733333333333336
0.047973042494083754,0.25530702379256304,0.44666666666666666
0.04815310217100525,0.2558769055421,0.445
0.04817882498199403,0.25601937597948426,0.44416666666666665
0.0482302706039716,0.25601937597948426,0.4435
0.04828171622594917,0.25601937597948426,0.44333333333333336
0.04830743903693795,0.25601937597948426,0.44299999999999995
0.04830743903693795,0.2561618464168685,0.4425
0.048358884658915524,0.2561618464168685,0.4416666666666667
0.04838460746990431,0.2561618464168685,0.44166666666666665
0.052114415063278116,0.27140618321698246,0.44
0.05219158349624447,0.27140618321698246,0.43833333333333335
0.05224302911822204,0.27140618321698246,0.4366666666666667
0.05232019755118839,0.2715486536543667,0.43666666666666665
0.05237164317316596,0.2715486536543667,0.436047619047619
0.052423088795143534,0.2715486536543667,0.435
0.052423088795143534,0.27169112409175095,0.43400000000000005
0.052448811606132316,0.27169112409175095,0.43333333333333335
0.052474534417121105,0.27197606496651944,0.4333333333333333
0.052474534417121105,0.2724034762786722,0.4316666666666667
0.052525980039098676,0.2724034762786722,0.43166666666666664
0.052525980039098676,0.2725459467160564,0.431452380952381
0.05674452104125939,0.2845134634563328,0.43
0.05677024385224817,0.2846559338937171,0.42900000000000005
0.056821689474225744,0.2847984043311013,0.42833333333333334
0.056821689474225744,0.28494087476848556,0.42816666666666664
0.056873135096203314,0.2850833452058698,0.4275
0.05695030352916967,0.2850833452058698,0.42666666666666664
0.05695030352916967,0.285225815643254,0.4258333333333333
0.05697602634015845,0.285225815643254,0.42516666666666664
0.05718180882806873,0.28565322695540674,0.425
0.057258977261035085,0.28565322695540674,0.42333333333333334
0.057310422883012656,0.285795697392791,0.4225
0.05738759131597901,0.285795697392791,0.4208333333333333
0.06196625167198271,0.30160991594244196,0.42
0.06201769729396028,0.3017523863798262,0.41983333333333334
0.06201769729396028,0.30203732725459465,0.41833333333333333
0.062069142915937854,0.30203732725459465,0.4183333333333333
0.062120588537915425,0.30203732725459465,0.4175
0.06214631134890421,0.3021797976919789,0.41716666666666663
0.06227492540384813,0.3021797976919789,0.4157142857142857
0.06242926226978084,0.3026072090041316,0.415
0.062454985080769625,0.3027496794415159,0.41450000000000004
0.062480707891758414,0.3027496794415159,0.414
0.06253215351373598,0.3027496794415159,0.41333333333333333
0.06258359913571356,0.3027496794415159,0.41261904761904766
0.06258359913571356,0.3028921498789001,0.41233333333333333
0.06263504475769112,0.3028921498789001,0.412
0.06263504475769112,0.30303462031628436,0.41166666666666674
0.0626864903796687,0.30303462031628436,0.4108333333333333
0.06713653668072847,0.31557201880609775,0.41
0.06716225949171725,0.315714489243482,0.409
0.06716225949171725,0.31585695968086624,0.4083333333333334
0.0672651507356724,0.31585695968086624,0.40666666666666673
0.0672651507356724,0.3159994301182505,0.406
0.06731659635764996,0.3159994301182505,0.4050000000000001
0.0674452104125939,0.3161419005556347,0.405
0.06752237884556024,0.3161419005556347,0.4041666666666666
0.06752237884556024,0.3162843709930189,0.40399999999999997
0.06754810165654902,0.3162843709930189,0.40299999999999997
0.06754810165654902,0.31671178230517166,0.402
0.0675995472785266,0.31671178230517166,0.40114285714285713
0.06762527008951538,0.3168542527425559,0.4008333333333334
0.06767671571149295,0.3168542527425559,0.40049999999999997
0.07192097952464245,0.33095882604359594,0.4
0.07192097952464245,0.3311012964809802,0.3983333333333334
0.07207531639057516,0.33167117823051717,0.3975
0.07212676201255273,0.33167117823051717,0.397
0.0721782076345303,0.33167117823051717,0.3966666666666667
0.07222965325650788,0.3318136486679014,0.39666666666666667
0.07228109887848544,0.3318136486679014,0.396
0.07228109887848544,0.33195611910528566,0.39511904761904765
0.07246115855540694,0.3320985895426699,0.395
0.07248688136639572,0.3320985895426699,0.3949999999999999
0.07248688136639572,0.33224105998005415,0.3935
0.0725126041773845,0.33224105998005415,0.39333333333333337
0.07258977261035086,0.33224105998005415,0.3933333333333333
0.07264121823232843,0.3323835304174384,0.3925
0.07264121823232843,0.33252600085482265,0.392
0.07276983228727235,0.33252600085482265,0.3901666666666666
0.07745138388723119,0.345063399344636,0.39
0.07745138388723119,0.3452058697820202,0.38916666666666666
0.07747710669821999,0.34534834021940447,0.38800000000000007
0.07750282950920877,0.34534834021940447,0.38799999999999996
0.07750282950920877,0.3454908106567887,0.3878333333333333
0.07752855232019755,0.3454908106567887,0.3875
0.07752855232019755,0.34563328109417296,0.38733333333333336
0.07760572075316391,0.34563328109417296,0.3866666666666667
0.07763144356415269,0.34563328109417296,0.38666666666666666
0.07763144356415269,0.3457757515315572,0.3863333333333333
0.07765716637514147,0.34591822196894145,0.386
0.07770861199711905,0.34591822196894145,0.38533333333333336
0.0779658401070069,0.34705798546801536,0.385
0.07801728572898446,0.34705798546801536,0.38366666666666666
0.07806873135096204,0.34705798546801536,0.38333333333333336
0.0781201769729396,0.3477703376549366,0.3833333333333333
0.0781201769729396,0.34791280809232084,0.38316666666666666
0.07822306821689474,0.3480552785297051,0.3825
0.07822306821689474,0.3481977489670893,0.382
0.07824879102788353,0.34834021940447357,0.3816666666666667
0.07824879102788353,0.34862516027924206,0.38166666666666665
0.07824879102788353,0.3487676307166263,0.38066666666666665
0.08408786912233769,0.36315714489243484,0.38
0.08411359193332647,0.3632996153298191,0.37833333333333335
0.08419076036629283,0.3632996153298191,0.3783333333333333
0.08421648317728161,0.3632996153298191,0.37783333333333324
0.08431937442123676,0.3632996153298191,0.3775
0.08434509723222554,0.3632996153298191,0.37733333333333335
0.08444798847618068,0.3635845562045876,0.3766666666666667
0.08452515690914703,0.3635845562045876,0.37666666666666665
0.08452515690914703,0.3637270266419718,0.3765
0.08455087972013582,0.363869497079356,0.37633333333333335
0.08460232534211339,0.363869497079356,0.37545238095238104
0.08491099907397881,0.364439378828893,0.375
0.08496244469595637,0.364439378828893,0.37433333333333335
0.08498816750694516,0.36458184926627724,0.3741666666666667
0.08506533593991152,0.36458184926627724,0.3735000000000001
0.08514250437287786,0.3647243197036615,0.37333333333333335
0.0852711184278218,0.3647243197036615,0.3733333333333333
0.08532256404979936,0.3647243197036615,0.3728333333333333
0.08532256404979936,0.3648667901410457,0.37266666666666665
0.08537400967177693,0.3648667901410457,0.3725
0.08547690091573207,0.3648667901410457,0.37083333333333335
0.08552834653770965,0.36500926057843,0.3708333333333333
0.08552834653770965,0.3651517310158142,0.37066666666666664
0.09067290873546661,0.3815358313150021,0.37
0.0906986315464554,0.3815358313150021,0.36983333333333335
0.09075007716843296,0.3816783017523864,0.36916666666666664
0.09077579997942176,0.3818207721897706,0.36833333333333335
0.09080152279041054,0.3821057130645391,0.3683333333333333
0.09082724560139932,0.3821057130645391,0.36764285714285705
0.0908529684123881,0.38224818350192336,0.3675
0.09087869122337688,0.38224818350192336,0.36733333333333335
0.09093013684535446,0.3823906539393076,0.3666666666666667
0.09095585965634324,0.38253312437669185,0.36666666666666664
0.09098158246733203,0.38253312437669185,0.3661666666666667
0.09098158246733203,0.38281806525146034,0.3655
0.09105875090029839,0.38281806525146034,0.365
0.09116164214425353,0.38281806525146034,0.36383333333333334
0.09123881057721987,0.38281806525146034,0.36333333333333334
0.09134170182117501,0.3829605356888446,0.3633333333333333
0.0913674246321638,0.38310300612622883,0.36316666666666664
0.09141887025414137,0.3832454765636131,0.3625
0.09147031587611894,0.3832454765636131,0.3618333333333333
0.09147031587611894,0.3833879470009973,0.3616666666666667
0.09152176149809652,0.3833879470009973,0.361
0.0915474843090853,0.3835304174383815,0.3608333333333333
0.09157320712007408,0.3835304174383815,0.36016666666666675
0.09710361148266282,0.39977204730018523,0.36
0.09710361148266282,0.3999145177375695,0.35916666666666663
0.09712933429365161,0.3999145177375695,0.3587857142857143
0.0971550571046404,0.4000569881749537,0.3586666666666667
0.09718077991562918,0.4000569881749537,0.35833333333333334
0.09718077991562918,0.4004843994871064,0.3583333333333333
0.09725794834859554,0.4004843994871064,0.3578333333333334
0.0973093939705731,0.4004843994871064,0.3575
0.0973093939705731,0.40062686992449065,0.3571666666666667
0.09736083959255068,0.40062686992449065,0.3566666666666667
0.09741228521452824,0.40119675167402763,0.35666666666666663
0.09741228521452824,0.4014816925487961,0.35600000000000004
0.09769523613540487,0.4017666334235646,0.355
0.09772095894639367,0.4017666334235646,0.3543333333333334
0.09777240456837123,0.4017666334235646,0.354
0.0978238501903488,0.4017666334235646,0.3526666666666667
0.09787529581232637,0.4017666334235646,0.3525
0.09790101862331516,0.4017666334235646,0.3515
0.09795246424529272,0.40190910386094886,0.3508333333333333
0.10386871077271324,0.4162986180367574,0.35
0.10389443358370203,0.4162986180367574,0.3493333333333333
0.10389443358370203,0.41644108847414163,0.3488333333333334
0.1039458792056796,0.41644108847414163,0.348
0.1039458792056796,0.4167260293489101,0.34761904761904766
0.10402304763864595,0.4167260293489101,0.34650000000000003
0.10407449326062353,0.4167260293489101,0.34600000000000003
0.10412593888260109,0.4167260293489101,0.3456666666666666
0.1044603354254553,0.41729591109844705,0.345
0.10456322666941044,0.41729591109844705,0.344
0.10464039510237678,0.41729591109844705,0.3433333333333334
0.10466611791336557,0.4174383815358313,0.34333333333333327
0.10469184072435436,0.4174383815358313,0.3428333333333333
0.10469184072435436,0.41758085197321554,0.3426666666666667
0.10476900915732071,0.4180082632853683,0.3425
0.10479473196830949,0.4180082632853683,0.3423333333333333
0.10487190040127585,0.4180082632853683,0.34166666666666673
0.10494906883424221,0.4180082632853683,0.34083333333333327
0.10494906883424221,0.4181507337227525,0.3400000000000001
0.1109167609836403,0.4329676592107138,0.34
0.11096820660561786,0.4329676592107138,0.3396666666666667
0.11096820660561786,0.43311012964809803,0.3388333333333333
0.11101965222759543,0.43311012964809803,0.3383333333333334
0.11104537503858422,0.4332526000854823,0.33799999999999997
0.111071097849573,0.4332526000854823,0.33766666666666667
0.11114826628253936,0.4333950705228665,0.3375
0.11122543471550571,0.4333950705228665,0.3368333333333334
0.11132832595946085,0.43382248183501926,0.3366666666666667
0.11137977158143841,0.43382248183501926,0.33666666666666667
0.11143121720341599,0.43382248183501926,0.33583333333333326
0.11161127688033748,0.43382248183501926,0.335
0.11161127688033748,0.4339649522724035,0.3341666666666667
0.11163699969132627,0.4339649522724035,0.33399999999999996
0.11168844531330384,0.4339649522724035,0.33333333333333337
0.1117656137462702,0.4339649522724035,0.33333333333333326
0.1117656137462702,0.4341074227097877,0.33299999999999996
0.11181705936824776,0.43424989314717194,0.3325
0.11189422780121412,0.43424989314717194,0.33166666666666667
0.11189422780121412,0.4343923635845562,0.33164285714285713
0.1119199506122029,0.4343923635845562,0.33100000000000007
0.1119199506122029,0.4346773044593247,0.33049999999999996
0.11806770243852248,0.45077646388374415,0.33
0.11806770243852248,0.45091893432112834,0.32833333333333337
0.11811914806050006,0.45091893432112834,0.3276904761904762
0.11822203930445518,0.45091893432112834,0.32733333333333337
0.11824776211544398,0.4510614047585126,0.32683333333333336
0.1183763761703879,0.4514888160706653,0.3266666666666667
0.11842782179236547,0.45163128650804957,0.32666666666666666
0.11845354460335425,0.45163128650804957,0.3263333333333334
0.11845354460335425,0.4517737569454338,0.32616666666666666
0.11850499022533183,0.4517737569454338,0.326
0.11853071303632061,0.4517737569454338,0.3255833333333333
0.11873649552423089,0.45277105000712353,0.325
0.11876221833521967,0.45277105000712353,0.3241666666666667
0.11876221833521967,0.453055990881892,0.324
0.11878794114620846,0.453055990881892,0.3239999999999999
0.11878794114620846,0.45319846131927627,0.32349999999999995
0.11883938676818603,0.45319846131927627,0.32333333333333336
0.11899372363411874,0.45348340219404476,0.3233333333333333
0.11901944644510752,0.45348340219404476,0.32266666666666666
0.11907089206708509,0.4537683430688132,0.3225
0.11909661487807388,0.4537683430688132,0.322
0.11914806050005144,0.4537683430688132,0.3216666666666667
0.1192252289330178,0.4537683430688132,0.32066666666666666
0.12609321946702334,0.47057985468015384,0.32
0.12614466508900093,0.47057985468015384,0.31999999999999995
0.12627327914394484,0.47057985468015384,0.31916666666666665
0.12627327914394484,0.4707223251175381,0.31833333333333336
0.12629900195493363,0.47086479555492233,0.3183333333333333
0.12629900195493363,0.4710072659923066,0.318
0.1263247247659224,0.4710072659923066,0.3175
0.1263247247659224,0.4711497364296908,0.31733333333333336
0.1265305072538327,0.4714346773044593,0.31666666666666665
0.1265305072538327,0.47157714774184356,0.31633333333333336
0.12658195287581026,0.47157714774184356,0.316
0.12660767568679906,0.47157714774184356,0.31533333333333335
0.12663339849778785,0.4717196181792278,0.31500000000000006
0.1268906266076757,0.47243197036614903,0.315
0.12696779504064204,0.47243197036614903,0.31338095238095237
0.1270192406626196,0.4725744408035333,0.31333333333333335
0.12712213190657476,0.4727169112409175,0.3133333333333333
0.12714785471756354,0.4727169112409175,0.31250000000000006
0.1272250231505299,0.47314432255307026,0.3125
0.12727646877250745,0.47314432255307026,0.3116666666666667
0.12727646877250745,0.4732867929904545,0.3115
0.12730219158349623,0.4734292634278387,0.31133333333333335
0.12735363720547382,0.4734292634278387,0.31083333333333335
0.1346846383372775,0.4926627724747115,0.31
0.1346846383372775,0.49280524291209576,0.30999999999999994
0.1347103611482663,0.49294771334948,0.309
0.1347103611482663,0.4930901837868642,0.3085
0.13481325239222142,0.4933751246616327,0.30833333333333335
0.1348389752032102,0.4933751246616327,0.308
0.13491614363617657,0.49351759509901694,0.3075
0.13491614363617657,0.4936600655364012,0.3071666666666667
0.13499331206914292,0.4936600655364012,0.307
0.1350190348801317,0.4940874768485539,0.3066666666666667
0.13512192612408683,0.4940874768485539,0.3061666666666667
0.13522481736804198,0.4940874768485539,0.30583333333333335
0.13525054017903076,0.49422994728593816,0.30500000000000005
0.13561065953287374,0.4946573585980909,0.305
0.1356878279658401,0.4946573585980909,0.3041666666666667
0.1357135507768289,0.4946573585980909,0.30416666666666664
0.1357135507768289,0.49479982903547515,0.304
0.13573927358781768,0.49479982903547515,0.30364285714285716
0.1358936104537504,0.4949422994728594,0.30333333333333334
0.13591933326473918,0.4952272403476279,0.3025
0.13594505607572796,0.49536971078501213,0.30238095238095236
0.13597077888671674,0.49536971078501213,0.30216666666666664
0.13599650169770552,0.4956546516597806,0.3016666666666667
0.13609939294166065,0.4956546516597806,0.30066666666666664
0.13609939294166065,0.4957971220971648,0.30016666666666664
0.13615083856363824,0.4957971220971648,0.30000000000000004
0.14373906780532977,0.5143182789571163,0.3
0.14379051342730734,0.5143182789571163,0.2991666666666667
0.14379051342730734,0.5144607493945006,0.29916666666666664
0.14381623623829612,0.5144607493945006,0.2990476190476191
0.14381623623829612,0.5146032198318848,0.299
0.14394485029324006,0.5147456902692691,0.29833333333333334
0.14409918715917275,0.5147456902692691,0.2975
0.14412490997016153,0.5147456902692691,0.2973333333333333
0.14427924683609425,0.5153155720188061,0.29666666666666663
0.1443306924580718,0.5153155720188061,0.2965
0.14438213808004938,0.5153155720188061,0.29600000000000004
0.14440786089103816,0.5153155720188061,0.29583333333333334
0.14440786089103816,0.5154580424561903,0.2956666666666667
0.14443358370202697,0.5154580424561903,0.2951904761904761
0.14474225743389238,0.515885453768343,0.295
0.14479370305586994,0.515885453768343,0.29466666666666663
0.14479370305586994,0.5160279242057273,0.2942857142857143
0.14481942586685873,0.5160279242057273,0.29428571428571426
0.14481942586685873,0.5161703946431115,0.294
0.14492231711081388,0.51645533551788,0.29333333333333333
0.14492231711081388,0.5165978059552643,0.2931666666666667
0.14497376273279144,0.5165978059552643,0.2926666666666667
0.145025208354769,0.5167402763926485,0.2925
0.145025208354769,0.5168827468300328,0.2918333333333334
0.1450509311657578,0.5168827468300328,0.29183333333333333
0.1450509311657578,0.517025217267417,0.29166666666666663
0.14510237678773535,0.517025217267417,0.29100000000000004
0.14515382240971295,0.5171676877048013,0.29083333333333333
0.14515382240971295,0.5173101581421855,0.2906666666666667
0.15276777446239326,0.5345490810656789,0.29
0.15279349727338204,0.5345490810656789,0.2895000000000001
0.15281922008437082,0.5346915515030631,0.2893333333333334
0.1528449428953596,0.5346915515030631,0.289
0.15287066570634839,0.5348340219404474,0.28883333333333333
0.15297355695030354,0.5351189628152159,0.28833333333333333
0.15299927976129232,0.5351189628152159,0.2879761904761905
0.15310217100524745,0.5354039036899844,0.2875
0.15315361662722501,0.5354039036899844,0.2873333333333333
0.1532050622492026,0.5355463741273686,0.2866666666666667
0.1532307850601914,0.5358313150021371,0.2866666666666666
0.15328223068216895,0.5358313150021371,0.28633333333333333
0.15328223068216895,0.5359737854395213,0.28600000000000003
0.15333367630414652,0.5359737854395213,0.28583333333333333
0.15338512192612408,0.5359737854395213,0.28500000000000003
0.153873855334911,0.5366861376264425,0.285
0.15389957814589977,0.5368286080638267,0.2845
0.15389957814589977,0.536971078501211,0.2843333333333333
0.15395102376787737,0.536971078501211,0.2841666666666667
0.15395102376787737,0.5371135489385952,0.284
0.15397674657886615,0.5371135489385952,0.2838333333333333
0.1540539150118325,0.5371135489385952,0.2833333333333334
0.15418252906677643,0.5373984898133637,0.2833333333333333
0.154233974688754,0.5373984898133637,0.2831666666666667
0.1543625887436979,0.5378259011255164,0.2825
0.15438831155468669,0.5379683715629007,0.2823333333333333
0.15441403436567547,0.5379683715629007,0.2820833333333333
0.15443975717666428,0.5381108420002849,0.2818333333333333
0.15449120279864184,0.5381108420002849,0.2816666666666666
0.15449120279864184,0.5382533124376692,0.2815
0.15451692560963062,0.5382533124376692,0.2811666666666667
0.1545426484206194,0.5383957828750534,0.2803333333333333
0.1626710566930754,0.5517880039891723,0.28
0.1626967795040642,0.5517880039891723,0.27899999999999997
0.162722502315053,0.5519304744265565,0.2783333333333334
0.16279967074801935,0.552215415301325,0.2783333333333333
0.16282539355900813,0.5523578857387093,0.2776666666666667
0.16290256199197448,0.5523578857387093,0.2775
0.16297973042494085,0.5523578857387093,0.27699999999999997
0.1630568988579072,0.5523578857387093,0.27666666666666667
0.16313406729087354,0.5525003561760935,0.2766666666666666
0.16333984977878382,0.5525003561760935,0.2753333333333334
0.16380286037658195,0.5530702379256305,0.275
0.16382858318757074,0.5530702379256305,0.2738333333333334
0.1638800288095483,0.5532127083630147,0.27366666666666667
0.16393147443152586,0.5532127083630147,0.2735
0.16398292005350346,0.5534976492377831,0.2733333333333334
0.16416297973042493,0.5536401196751674,0.2733333333333333
0.16418870254141374,0.5537825901125516,0.2731666666666667
0.16421442535240252,0.5537825901125516,0.27285714285714285
0.16431731659635765,0.5537825901125516,0.2725
0.164394485029324,0.5539250605499358,0.27166666666666667
0.1644459306513016,0.5539250605499358,0.2705
0.17249717049079125,0.5690269269126657,0.27
0.17265150735672394,0.5690269269126657,0.26866666666666666
0.17267723016771272,0.5691693973500499,0.268
0.1727029529787015,0.5691693973500499,0.26766666666666666
0.17280584422265666,0.5694543382248184,0.2675
0.17285728984463422,0.5694543382248184,0.267
0.17314024076551085,0.5697392790995869,0.26666666666666666
0.17316596357649963,0.5697392790995869,0.26638095238095244
0.1732688548204548,0.5697392790995869,0.266
0.17332030044243235,0.5697392790995869,0.2658333333333333
0.17355180574133142,0.5701666904117396,0.265
0.17362897417429776,0.5701666904117396,0.2643333333333333
0.17368041979627533,0.5701666904117396,0.264
0.17370614260726414,0.5701666904117396,0.26345238095238094
0.17378331104023048,0.570451631286508,0.26333333333333336
0.1738862022841856,0.5707365721612765,0.2633333333333333
0.1739119250951744,0.5708790425986607,0.26316666666666666
0.1739119250951744,0.571021513036045,0.26299999999999996
0.17398909352814076,0.571021513036045,0.2625
0.17404053915011833,0.571021513036045,0.26216666666666666
0.17419487601605105,0.571021513036045,0.26166666666666666
0.1742463216380286,0.571021513036045,0.26125
0.17429776726000618,0.571021513036045,0.2608333333333333
0.17437493569297252,0.571021513036045,0.2603333333333333
0.18301780018520425,0.586835731585696,0.26
0.18304352299619303,0.5869782020230803,0.25933333333333336
0.1830949686181706,0.5869782020230803,0.259047619047619
0.1830949686181706,0.5871206724604644,0.258452380952381
0.18312069142915938,0.5871206724604644,0.25833333333333336
0.18314641424014816,0.5872631428978486,0.2583333333333333
0.18314641424014816,0.5874056133352329,0.2582142857142857
0.18317213705113694,0.5874056133352329,0.25816666666666666
0.1832750282950921,0.5875480837726171,0.2575
0.18345508797201357,0.5876905542100014,0.25666666666666665
0.18350653359399116,0.5876905542100014,0.2565
0.18355797921596873,0.5878330246473856,0.256
0.1835837020269575,0.5879754950847699,0.25595238095238093
0.18368659327091263,0.5879754950847699,0.2558333333333333
0.18368659327091263,0.5881179655221541,0.25566666666666665
0.183763761703879,0.5881179655221541,0.25500000000000006
0.1840981582467332,0.5886878472716911,0.255
0.18412388105772198,0.5888303177090753,0.2546666666666667
0.18414960386871077,0.5888303177090753,0.2542857142857143
0.18425249511266592,0.5888303177090753,0.254
0.18425249511266592,0.5889727881464596,0.25383333333333336
0.1842782179236547,0.5889727881464596,0.25366666666666665
0.18435538635662105,0.5889727881464596,0.2533333333333333
0.1844068319785986,0.5889727881464596,0.2526666666666667
0.18453544603354255,0.5889727881464596,0.2525
0.18456116884453133,0.5889727881464596,0.252
0.18463833727749768,0.5889727881464596,0.2516666666666667
0.18468978289947524,0.5889727881464596,0.25166666666666665
0.18471550571046405,0.5891152585838438,0.2515
0.18474122852145283,0.5891152585838438,0.2502142857142857
0.19418150015433686,0.6025074796979627,0.25
0.19420722296532564,0.602649950135347,0.24999999999999997
0.19425866858730323,0.602649950135347,0.249
0.19433583702026958,0.602649950135347,0.24845238095238095
0.19436155983125836,0.6027924205727312,0.24833333333333335
0.1944387282642247,0.6029348910101154,0.24833333333333332
0.1944644510752135,0.6030773614474997,0.248
0.1944901738862023,0.6030773614474997,0.24750000000000003
0.19459306513015742,0.6032198318848839,0.2475
0.19467023356312377,0.6032198318848839,0.2468333333333333
0.19485029324004527,0.6032198318848839,0.24666666666666667
0.19492746167301161,0.6032198318848839,0.24666666666666665
0.1949789072949892,0.6032198318848839,0.24650000000000002
0.19503035291696677,0.6032198318848839,0.24616666666666664
0.19508179853894433,0.6033623023222682,0.24600000000000002
0.19510752134993312,0.6033623023222682,0.24583333333333335
0.19510752134993312,0.6035047727596524,0.24583333333333332
0.1951332441609219,0.6036472431970367,0.2455952380952381
0.19515896697191068,0.6036472431970367,0.24516666666666662
0.19518468978289946,0.6037897136344209,0.24500000000000002
0.19572486881366397,0.6040746545091893,0.245
0.19577631443564153,0.6040746545091893,0.24433333333333335
0.1958277600576191,0.6040746545091893,0.24416666666666667
0.19585348286860788,0.6042171249465735,0.24416666666666664
0.19587920567959666,0.6042171249465735,0.244
0.19595637411256303,0.6043595953839578,0.24333333333333335
0.1959820969235518,0.6046445362587263,0.24333333333333332
0.1960078197345406,0.6046445362587263,0.24266666666666667
0.19603354254552938,0.6047870066961105,0.2425
0.19605926535651816,0.6047870066961105,0.24216666666666664
0.1961364337894845,0.6047870066961105,0.242
0.1961621566004733,0.6047870066961105,0.24183333333333337
0.19623932503343966,0.6049294771334948,0.24166666666666667
0.1964965531433275,0.6049294771334948,0.24016666666666667
0.1965222759543163,0.605071947570879,0.24000000000000005
0.20655417223994238,0.6173244051859239,0.24
0.20657989505093116,0.6173244051859239,0.2395
0.20657989505093116,0.6174668756233082,0.23916666666666664
0.20660561786191994,0.6176093460606924,0.2383333333333333
0.20663134067290873,0.6176093460606924,0.23816666666666667
0.2067085091058751,0.6176093460606924,0.23800000000000002
0.20688856878279657,0.6178942869354609,0.2375
0.20696573721576295,0.6178942869354609,0.2366666666666667
0.207197242514662,0.6181792278102294,0.23666666666666664
0.2073515793805947,0.6181792278102294,0.2358333333333333
0.20737730219158348,0.6183216982476136,0.23566666666666664
0.20745447062454986,0.6183216982476136,0.23500000000000004
0.207917481222348,0.6187491095597664,0.235
0.2080460952772919,0.6187491095597664,0.234
0.20809754089926946,0.6188915799971506,0.23399999999999999
0.20814898652124705,0.6188915799971506,0.2334523809523809
0.20820043214322462,0.6190340504345349,0.2333333333333333
0.2082261549542134,0.6190340504345349,0.23266666666666666
0.2082261549542134,0.6191765208719191,0.23261904761904761
0.20827760057619096,0.6194614617466876,0.2325
0.20830332338717975,0.6194614617466876,0.23233333333333334
0.20830332338717975,0.6196039321840718,0.23199999999999998
0.2083547690091573,0.6196039321840718,0.2316666666666667
0.20848338306410125,0.6196039321840718,0.23166666666666663
0.20858627430805637,0.6196039321840718,0.2303333333333333
0.21861817059368246,0.6335660350477276,0.23
0.21866961621566006,0.6338509759224961,0.22916666666666669
0.2187467846486264,0.6338509759224961,0.22833333333333336
0.2187467846486264,0.6339934463598803,0.22833333333333333
0.21877250745961518,0.6341359167972646,0.22783333333333328
0.21895256713653669,0.6341359167972646,0.22683333333333333
0.2191326268134582,0.6341359167972646,0.22666666666666668
0.2192612408684021,0.6342783872346488,0.22666666666666666
0.21933840930136844,0.6342783872346488,0.22583333333333336
0.2194413005453236,0.6342783872346488,0.22566666666666665
0.2194413005453236,0.634420857672033,0.2255
0.21946702335631238,0.634420857672033,0.22545238095238093
0.22005864800905442,0.6352756802963385,0.225
0.22016153925300957,0.6352756802963385,0.22475
0.22016153925300957,0.6354181507337228,0.2245
0.22018726206399836,0.6354181507337228,0.2243333333333333
0.22023870768597592,0.635560621171107,0.22416666666666668
0.2202644304969647,0.635560621171107,0.22416666666666665
0.2202644304969647,0.6357030916084913,0.22399999999999998
0.22029015330795348,0.6357030916084913,0.2237142857142857
0.2204444901738862,0.6359880324832597,0.22333333333333336
0.2206245498508077,0.636130502920644,0.22333333333333333
0.22067599547278527,0.636130502920644,0.22266666666666665
0.22072744109476283,0.636130502920644,0.2225
0.22075316390575161,0.636130502920644,0.22183333333333333
0.22090750077168433,0.6362729733580282,0.22166666666666668
0.22101039201563946,0.6364154437954125,0.22166666666666665
0.22103611482662824,0.6364154437954125,0.22149999999999997
0.22106183763761703,0.6365579142327967,0.221
0.22108756044860584,0.6365579142327967,0.22083333333333335
0.22108756044860584,0.636700384670181,0.22083333333333333
0.22119045169256096,0.636700384670181,0.22011904761904763
0.2314795760880749,0.6503775466590682,0.22
0.23153102171005246,0.6503775466590682,0.2191666666666667
0.23158246733203006,0.6503775466590682,0.21916666666666665
0.23163391295400762,0.6503775466590682,0.21904761904761905
0.23168535857598518,0.6503775466590682,0.21899999999999997
0.23168535857598518,0.6505200170964525,0.21883333333333332
0.23171108138697397,0.6505200170964525,0.21866666666666665
0.23176252700895153,0.6505200170964525,0.21833333333333335
0.2317882498199403,0.6506624875338367,0.21833333333333332
0.23181397263092912,0.6506624875338367,0.218
0.2319683094968618,0.650804957971221,0.2175
0.23209692355180575,0.6510898988459894,0.21666666666666667
0.23232842885070482,0.6513748397207579,0.21666666666666665
0.23243132009465994,0.6513748397207579,0.2155
0.23276571663751414,0.6518022510329107,0.215
0.23281716225949173,0.6518022510329107,0.2148095238095238
0.23281716225949173,0.6519447214702949,0.2145
0.2328686078814693,0.6519447214702949,0.214
0.23292005350344686,0.6520871919076792,0.21333333333333335
0.2329972219364132,0.6520871919076792,0.21333333333333332
0.23307439036937957,0.6520871919076792,0.2126666666666667
0.23312583599135714,0.6522296623450634,0.2125
0.23328017285728986,0.6522296623450634,0.21183333333333335
0.23340878691223377,0.6523721327824477,0.21166666666666667
0.23346023253421133,0.6525146032198319,0.21166666666666664
0.2335374009671777,0.6525146032198319,0.21100000000000002
0.2335374009671777,0.6527995440946004,0.21083333333333334
0.2335374009671777,0.6529420145319846,0.21083333333333332
0.23358884658915527,0.6529420145319846,0.21066666666666667
0.23358884658915527,0.6530844849693689,0.21050000000000002
0.23361456940014405,0.6530844849693689,0.2104761904761905
0.23361456940014405,0.6533694258441374,0.21033333333333332
0.23364029221113283,0.6535118962815216,0.21016666666666667
0.23366601502212161,0.6535118962815216,0.21000000000000005
0.24485543780224303,0.6683288217694828,0.21
0.24495832904619816,0.6683288217694828,0.20916666666666667
0.24495832904619816,0.6684712922068671,0.20916666666666664
0.24500977466817575,0.6684712922068671,0.209
0.2450869431011421,0.6688987035190198,0.20833333333333337
0.24513838872311966,0.6690411739564041,0.20833333333333331
0.24516411153410844,0.6690411739564041,0.2081190476190476
0.245215557156086,0.6690411739564041,0.20800000000000002
0.24524127996707482,0.6690411739564041,0.20785714285714285
0.24536989402201873,0.6691836443937883,0.2075
0.2454213396439963,0.6691836443937883,0.20733333333333334
0.24544706245498507,0.6691836443937883,0.20733333333333331
0.24554995369894023,0.669611055705941,0.20666666666666667
0.24570429056487292,0.6697535261433253,0.20666666666666664
0.24573001337586173,0.6698959965807095,0.20633333333333334
0.2457814589978393,0.6698959965807095,0.20600000000000002
0.24583290461981686,0.6698959965807095,0.2058333333333333
0.24585862743080564,0.6700384670180938,0.20566666666666666
0.2462701924066262,0.6706083487676308,0.205
0.2462701924066262,0.670750819205015,0.20499999999999996
0.24634736083959255,0.670750819205015,0.20464285714285715
0.2463988064615701,0.670750819205015,0.2041666666666667
0.2464245292725589,0.670750819205015,0.20416666666666664
0.2464759748945365,0.6708932896423992,0.204
0.24652742051651405,0.6708932896423992,0.20350000000000001
0.24670748019343555,0.6711782305171677,0.20333333333333337
0.24686181705936824,0.6716056418293204,0.2033333333333333
0.2469647083033234,0.6716056418293204,0.20250000000000004
0.24704187673628974,0.6718905827040889,0.2025
0.24717049079123365,0.6718905827040889,0.20178571428571432
0.2472733820351888,0.6718905827040889,0.2016666666666667
0.24735055046815516,0.6718905827040889,0.20166666666666663
0.2474534417121103,0.6718905827040889,0.2007142857142857
0.24755633295606544,0.6718905827040889,0.2005
0.247607778578043,0.6718905827040889,0.20016666666666666
0.247607778578043,0.6720330531414731,0.20000000000000004
0.25910587509002986,0.6894144465023507,0.2
0.259208766333985,0.6894144465023507,0.19899999999999998
0.259208766333985,0.689556916939735,0.19883333333333333
0.25923448914497377,0.689556916939735,0.19866666666666663
0.25938882601090646,0.689556916939735,0.19833333333333336
0.259440271632884,0.689556916939735,0.19833333333333333
0.2594659944438728,0.6896993873771192,0.198
0.25951744006585037,0.6896993873771192,0.19761904761904758
0.2597232225537607,0.6898418578145035,0.1975
0.25987755941969337,0.6898418578145035,0.19683333333333333
0.2600061734746373,0.6899843282518877,0.19666666666666668
0.2601862331515588,0.690126798689272,0.19666666666666666
0.26026340158452516,0.690126798689272,0.19649999999999998
0.26026340158452516,0.6902692691266562,0.19614285714285715
0.2603405700174915,0.6902692691266562,0.19500000000000003
0.2609579174812223,0.6905542100014247,0.195
0.2609836402922111,0.6905542100014247,0.19433333333333333
0.26100936310319994,0.6906966804388089,0.19416666666666668
0.2610350859141887,0.6906966804388089,0.19416666666666665
0.26113797715814385,0.6908391508761932,0.19399999999999998
0.2612151455911102,0.6908391508761932,0.19349999999999998
0.26139520526803167,0.6909816213135774,0.19333333333333336
0.26152381932297564,0.6911240917509617,0.19333333333333333
0.261600987755942,0.6911240917509617,0.19266666666666665
0.2617296018108859,0.6914090326257302,0.1925
0.26178104743286346,0.6916939735004987,0.192
0.261832493054841,0.6916939735004987,0.19166666666666668
0.2618582158658298,0.6916939735004987,0.19166666666666665
0.26190966148780737,0.6916939735004987,0.191
0.26198682992077377,0.6916939735004987,0.19083333333333333
0.2621154439757177,0.6916939735004987,0.19038095238095237
0.2621154439757177,0.6918364439378829,0.19033333333333335
0.26216688959769524,0.6918364439378829,0.19000000000000003
0.27384504578660357,0.7059410172389229,0.19
0.2739222142195699,0.7059410172389229,0.1893333333333333
0.2739736598415475,0.7059410172389229,0.18916666666666668
0.2740765510855026,0.7059410172389229,0.18916666666666665
0.27415371951846895,0.7060834876763071,0.18899999999999997
0.27420516514044657,0.7060834876763071,0.18866666666666668
0.2742823335734129,0.7060834876763071,0.18833333333333332
0.2742823335734129,0.7062259581136914,0.18825
0.2743337791953905,0.7062259581136914,0.188
0.2743337791953905,0.7063684285510756,0.18785714285714283
0.27435950200637926,0.7063684285510756,0.18750000000000003
0.2745652844942895,0.7065108989884599,0.1875
0.2746167301162671,0.7065108989884599,0.1873333333333333
0.27464245292725586,0.7065108989884599,0.18716666666666668
0.27464245292725586,0.7066533694258441,0.18683333333333332
0.27477106698219983,0.7066533694258441,0.18666666666666668
0.27502829509208765,0.7067958398632284,0.18666666666666665
0.27505401790307643,0.7069383103006126,0.18566666666666667
0.2751311863360428,0.7069383103006126,0.18523809523809526
0.2756713653668073,0.7080780737996866,0.185
0.2756970881777961,0.7080780737996866,0.18499999999999997
0.27574853379977365,0.7082205442370708,0.18483333333333335
0.27577425661076244,0.7083630146744551,0.1848333333333333
0.2758514250437288,0.7083630146744551,0.18416666666666667
0.2759285934766951,0.7083630146744551,0.184
0.2759285934766951,0.7085054851118393,0.18399999999999994
0.2760057619096615,0.7085054851118393,0.18349999999999997
0.2760057619096615,0.7086479555492236,0.1833809523809524
0.27605720753163904,0.7086479555492236,0.1833333333333334
0.276185821586583,0.7087904259866078,0.18333333333333335
0.2763658812635045,0.708932896423992,0.18333333333333332
0.27641732688548204,0.708932896423992,0.18266666666666664
0.27654594094042595,0.7090753668613763,0.1825
0.27664883218438113,0.7090753668613763,0.18166666666666667
0.2767260006173475,0.7090753668613763,0.18166666666666664
0.2767260006173475,0.7092178372987605,0.1815
0.2768288918613026,0.7092178372987605,0.1806904761904762
0.27688033748328017,0.7092178372987605,0.18066666666666667
0.27693178310525773,0.7092178372987605,0.18041666666666667
0.28912439551394176,0.7226100584128793,0.18
0.2892015639469081,0.7226100584128793,0.1793333333333333
0.28925300956888567,0.7226100584128793,0.17916666666666667
0.28927873237987445,0.7226100584128793,0.179
0.28935590081284085,0.7227525288502635,0.17833333333333334
0.28951023767877354,0.7227525288502635,0.17833333333333332
0.2895359604897623,0.7227525288502635,0.17800000000000005
0.289690297355695,0.7228949992876478,0.1775
0.2897160201666838,0.7228949992876478,0.17733333333333334
0.2897417429776726,0.723037469725032,0.177
0.2897417429776726,0.7231799401624163,0.17678571428571427
0.28987035703261654,0.7231799401624163,0.17666666666666667
0.29015330795349314,0.7233224105998005,0.17666666666666664
0.29015330795349314,0.7234648810371848,0.1765
0.2902047535754707,0.7234648810371848,0.17600000000000002
0.29028192200843705,0.7234648810371848,0.17583333333333337
0.2903076448194259,0.723607351474569,0.17550000000000002
0.29035909044140346,0.723607351474569,0.17500000000000004
0.2909249922831567,0.7243197036614902,0.175
0.29102788352711184,0.7243197036614902,0.1745
0.2910793291490894,0.7243197036614902,0.17433333333333334
0.29115649758205575,0.7243197036614902,0.17416666666666664
0.2912079432040333,0.7243197036614902,0.174
0.29138800288095484,0.7243197036614902,0.17333333333333337
0.2916195081798539,0.7244621740988745,0.1733333333333333
0.29164523099084266,0.7244621740988745,0.17266666666666666
0.29164523099084266,0.7246046445362587,0.17261904761904762
0.29167095380183145,0.7246046445362587,0.17250000000000004
0.2918252906677642,0.7248895854110272,0.1725
0.29187673628974176,0.7248895854110272,0.17233333333333334
0.29187673628974176,0.7250320558484115,0.1721666666666667
0.29190245910073054,0.7250320558484115,0.17214285714285715
0.2919281819117193,0.7251745262857957,0.172
0.2919539047227081,0.7251745262857957,0.1716666666666667
0.29205679596666323,0.7254594671605642,0.17166666666666663
0.29215968721061836,0.7257444080353327,0.17066666666666666
0.2922111328325959,0.7257444080353327,0.17016666666666666
0.3048153102171005,0.7399914517737569,0.17
0.30489247865006686,0.7401339222111412,0.16983333333333334
0.30496964708303326,0.7401339222111412,0.16899999999999998
0.3050210927050108,0.7401339222111412,0.16866666666666666
0.3051754295709435,0.7402763926485254,0.16833333333333336
0.3052268751929211,0.7402763926485254,0.1682857142857143
0.3052268751929211,0.7404188630859097,0.168
0.3053297664368762,0.7404188630859097,0.1675
0.305355489247865,0.7404188630859097,0.16733333333333333
0.30540693486984255,0.7405613335232939,0.16683333333333333
0.30548410330280895,0.7408462743980624,0.16666666666666669
0.30579277703467433,0.7411312152728309,0.16666666666666663
0.3058184998456631,0.7411312152728309,0.16633333333333333
0.3059213910896183,0.7411312152728309,0.166
0.3059471139006071,0.7411312152728309,0.16599999999999998
0.3060242823335734,0.7412736857102151,0.16583333333333336
0.3061014507665398,0.7412736857102151,0.16516666666666666
0.30679596666323694,0.7419860378971364,0.165
0.3068988579071921,0.7419860378971364,0.16450000000000004
0.3069503035291697,0.7419860378971364,0.1644761904761905
0.30702747196213603,0.7419860378971364,0.16416666666666666
0.30713036320609116,0.7421285083345206,0.16399999999999998
0.30715608601707994,0.7421285083345206,0.1635
0.3073361456940014,0.7421285083345206,0.16333333333333336
0.3075933738038893,0.7422709787719048,0.16333333333333333
0.30764481942586686,0.7422709787719048,0.16278571428571428
0.30777343348081077,0.7422709787719048,0.16266666666666665
0.3079277703467435,0.7425559196466733,0.1625
0.3079534931577323,0.7425559196466733,0.162
0.30803066159069864,0.7425559196466733,0.16166666666666668
0.30815927564564255,0.7426983900840576,0.16166666666666665
0.308339335322564,0.7426983900840576,0.16061904761904763
0.30836505813355286,0.7428408605214418,0.16016666666666665
0.3221782076345303,0.7562330816355606,0.16
0.3222039304455191,0.7562330816355606,0.15999999999999998
0.3222296532565079,0.7563755520729448,0.15966666666666668
0.3223068216894742,0.7563755520729448,0.159
0.3223068216894742,0.7565180225103291,0.15899999999999997
0.3223582673114518,0.7565180225103291,0.15866666666666665
0.3225383269883733,0.7568029633850976,0.15833333333333333
0.3225640497993621,0.7568029633850976,0.158
0.3225897726103509,0.7569454338224818,0.15783333333333335
0.3225897726103509,0.757087904259866,0.15783333333333333
0.32261549542133966,0.757087904259866,0.15766666666666665
0.32274410947628357,0.7573728451346345,0.1575
0.32276983228727235,0.7573728451346345,0.15749999999999997
0.3228212779092499,0.7573728451346345,0.15733333333333335
0.32292416915320504,0.7573728451346345,0.15699999999999997
0.3230270603971602,0.7573728451346345,0.15666666666666668
0.3233357341290256,0.757657786009403,0.15666666666666665
0.32343862537298074,0.7578002564467873,0.156
0.3234643481839695,0.7578002564467873,0.15583333333333335
0.32351579380594714,0.7579427268841715,0.15566666666666668
0.3235415166169359,0.7579427268841715,0.1550952380952381
0.3235929622389135,0.7579427268841715,0.15500000000000003
0.32415886408066674,0.7590824903832455,0.155
0.32431320094659943,0.7590824903832455,0.15428571428571428
0.3243903693795658,0.7592249608206297,0.15416666666666667
0.32444181500154334,0.7592249608206297,0.154
0.32472476592242,0.759367431258014,0.15333333333333335
0.32493054841033026,0.7595099016953982,0.15333333333333332
0.3249562712213191,0.7595099016953982,0.15250000000000002
0.325084885276263,0.7597948425701667,0.1525
0.32518777652021813,0.7597948425701667,0.152
0.3252134993312069,0.7597948425701667,0.15183333333333332
0.32541928181911717,0.7597948425701667,0.15166666666666667
0.325445004630106,0.759937313007551,0.1515
0.32554789587406113,0.759937313007551,0.15083333333333332
0.3256250643070275,0.759937313007551,0.15066666666666667
0.34013272970470215,0.7746117680581279,0.15
0.34015845251569093,0.7746117680581279,0.14966666666666667
0.3401841753266797,0.7747542384955122,0.14950000000000002
0.3402098981376685,0.7747542384955122,0.14916666666666667
0.3402356209486573,0.7748967089328964,0.149
0.34026134375964606,0.7748967089328964,0.14866666666666664
0.3405185718695339,0.7753241202450492,0.14833333333333334
0.34064718592447785,0.7756090611198176,0.14833333333333332
0.34064718592447785,0.7757515315572019,0.14816666666666667
0.3406986315464554,0.7757515315572019,0.14800000000000002
0.340750077168433,0.7757515315572019,0.14766666666666667
0.3408272456013993,0.7760364724319704,0.1475
0.3408786912233769,0.7760364724319704,0.14733333333333332
0.34093013684535445,0.7760364724319704,0.1467857142857143
0.34144459306513014,0.7764638837441231,0.14666666666666667
0.34144459306513014,0.7766063541815074,0.14633333333333332
0.3414960386871077,0.7766063541815074,0.14616666666666667
0.34154748430908527,0.7766063541815074,0.146
0.34165037555304045,0.7767488246188916,0.14583333333333334
0.341701821175018,0.7768912950562759,0.14583333333333331
0.34177898960798436,0.7768912950562759,0.14508333333333334
0.3425249511266591,0.7774611768058128,0.145
0.3425763967486367,0.7774611768058128,0.14466666666666667
0.3426278423706143,0.7774611768058128,0.1443095238095238
0.34267928799259184,0.7774611768058128,0.14416666666666667
0.3427050108035806,0.7776036472431971,0.14400000000000002
0.3427564564255582,0.7776036472431971,0.1435
0.3428850704805021,0.7777461176805813,0.14333333333333334
0.34296223891346844,0.7777461176805813,0.1433333333333333
0.343013684535446,0.7777461176805813,0.14300000000000002
0.3430908529684124,0.7777461176805813,0.14266666666666666
0.34316802140137875,0.7778885881179656,0.1425
0.34319374421236754,0.7778885881179656,0.14242857142857143
0.3432194670233563,0.7780310585553498,0.14238095238095239
0.3432451898343451,0.7780310585553498,0.14233333333333337
0.34329663545632266,0.7780310585553498,0.1423333333333333
0.343373803889289,0.7780310585553498,0.1418333333333333
0.34347669513324414,0.778173528992734,0.1416666666666667
0.3435795863771993,0.778173528992734,0.14166666666666666
0.34365675481016567,0.778173528992734,0.141
0.343733923243132,0.778173528992734,0.14083333333333334
0.3437596460541208,0.778173528992734,0.1407142857142857
0.3437596460541208,0.7783159994301182,0.14066666666666666
0.3437853688651096,0.7783159994301182,0.1405
0.3588846589155263,0.7909958683573158,0.14
0.35893610453750385,0.7911383387947001,0.13999999999999999
0.3589875501594814,0.7911383387947001,0.13940476190476192
0.359038995781459,0.7911383387947001,0.13933333333333334
0.35906471859244776,0.7911383387947001,0.13916666666666666
0.35914188702541416,0.7911383387947001,0.139
0.35916760983640295,0.7911383387947001,0.1385
0.3591933326473917,0.7912808092320843,0.13847619047619047
0.3592705010803581,0.7915657501068528,0.13833333333333334
0.3593733923243132,0.7917082205442371,0.1383333333333333
0.35942483794629076,0.7917082205442371,0.13783333333333334
0.35947628356826833,0.7917082205442371,0.13766666666666666
0.35960489762321224,0.7917082205442371,0.1375
0.35968206605617864,0.7917082205442371,0.13733333333333334
0.3597077888671674,0.7917082205442371,0.13716666666666666
0.359759234489145,0.7917082205442371,0.13714285714285715
0.35981068011112255,0.7917082205442371,0.137
0.3598621257331001,0.7917082205442371,0.13699999999999998
0.36006790822101037,0.7919931614190056,0.1366666666666667
0.3602736907089207,0.7919931614190056,0.13666666666666666
0.36029941351990946,0.7919931614190056,0.1365
0.360350859141887,0.7919931614190056,0.13616666666666666
0.36042802757485337,0.7919931614190056,0.136
0.3605309188188085,0.7919931614190056,0.13549999999999998
0.36058236444078606,0.7919931614190056,0.13533333333333333
0.36065953287375246,0.7919931614190056,0.13511904761904764
0.36135404877044963,0.7932753953554638,0.135
0.3614054943924272,0.7932753953554638,0.13483333333333333
0.3615341084473711,0.7932753953554638,0.13416666666666668
0.3616369996913263,0.7932753953554638,0.134
0.36168844531330385,0.7932753953554638,0.13366666666666666
0.362151455911102,0.7938452771050007,0.13333333333333333
0.362151455911102,0.793987747542385,0.1332142857142857
0.36222862434406833,0.7941302179797692,0.13316666666666666
0.3622800699660459,0.7941302179797692,0.13261904761904764
0.36235723839901224,0.7941302179797692,0.1325
0.36235723839901224,0.7942726884171535,0.13202380952380954
0.36235723839901224,0.794557629291922,0.132
0.3624086840209898,0.794557629291922,0.13166666666666668
0.36258874369791133,0.7951275110414588,0.13166666666666665
0.3626144665089001,0.7951275110414588,0.1315
0.3626144665089001,0.7952699814788431,0.13133333333333333
0.36271735775285524,0.7952699814788431,0.13066666666666665
0.37884556024282334,0.8085197321555777,0.13
0.37899989710875603,0.8085197321555777,0.12866666666666668
0.3792571252186439,0.8085197321555777,0.12833333333333333
0.3792828480296327,0.8085197321555777,0.12816666666666665
0.3792828480296327,0.808662202592962,0.1280952380952381
0.37936001646259904,0.808662202592962,0.128
0.3793857392735878,0.808662202592962,0.12783333333333333
0.3794371848955654,0.808662202592962,0.12766666666666665
0.3795657989505093,0.8089471434677304,0.1275
0.3795915217614981,0.8089471434677304,0.12738095238095237
0.37961724457248686,0.8090896139051147,0.127
0.3796429673834757,0.8090896139051147,0.12683333333333333
0.3799001954933635,0.8090896139051147,0.12666666666666668
0.3802603148472065,0.8090896139051147,0.12666666666666665
0.3804146517131392,0.8092320843424989,0.126
0.380440374524128,0.8092320843424989,0.12599999999999997
0.3805432657680831,0.8092320843424989,0.12583333333333332
0.3805947113900607,0.8093745547798832,0.12566666666666668
0.3806204342010495,0.8093745547798832,0.1255
0.38121205885379156,0.8099444365294202,0.125
0.38123778166478034,0.8099444365294202,0.12447619047619048
0.3812892272867579,0.8099444365294202,0.12433333333333334
0.38134067290873547,0.8099444365294202,0.12416666666666666
0.38136639571972425,0.8100869069668044,0.124
0.3814692869636794,0.8102293774041887,0.12399999999999999
0.38149500977466816,0.8103718478415729,0.1235
0.38172651507356725,0.8103718478415729,0.12333333333333334
0.3819065747504887,0.8106567887163414,0.12333333333333332
0.3819580203724663,0.8106567887163414,0.12266666666666666
0.38208663442741025,0.8107992591537256,0.1225
0.3821638028603766,0.8107992591537256,0.12233333333333332
0.38221524848235416,0.8107992591537256,0.122
0.3823181397263093,0.8107992591537256,0.12166666666666667
0.38254964502520833,0.8107992591537256,0.12166666666666666
0.38260109064718595,0.8107992591537256,0.1215
0.38260109064718595,0.8109417295911099,0.12149999999999998
0.3826525362691635,0.8109417295911099,0.121
0.3827039818911411,0.8109417295911099,0.12083333333333333
0.38275542751311864,0.8110842000284941,0.12083333333333332
0.3982920053503447,0.8249038324547656,0.12
0.39839489659429983,0.8249038324547656,0.1195
0.3984463422162774,0.8249038324547656,0.11933333333333333
0.3984720650272662,0.8249038324547656,0.11933333333333332
0.39852351064924374,0.8249038324547656,0.11916666666666666
0.39865212470418765,0.8249038324547656,0.11866666666666667
0.39870357032616527,0.8249038324547656,0.1185
0.39872929313715405,0.8249038324547656,0.11849999999999998
0.3988064615701204,0.8249038324547656,0.11833333333333335
0.39885790719209796,0.8249038324547656,0.11833333333333332
0.3989093528140755,0.8250463028921499,0.11800000000000001
0.3989607984360531,0.8250463028921499,0.11785714285714284
0.3991151353019858,0.8251887733295341,0.1175
0.39914085811297456,0.8251887733295341,0.11733333333333335
0.3991923037349522,0.8251887733295341,0.11716666666666667
0.39921802654594096,0.8251887733295341,0.11699999999999999
0.3994752546558288,0.8251887733295341,0.11666666666666668
0.399809651198683,0.8254737142043026,0.11666666666666665
0.39986109682066057,0.8254737142043026,0.11600000000000002
0.3999897108756045,0.8256161846416868,0.11599999999999999
0.3999897108756045,0.8257586550790711,0.11583333333333334
0.40004115649758204,0.8257586550790711,0.11583333333333332
0.4000668793085708,0.8257586550790711,0.11566666666666668
0.4000668793085708,0.8259011255164553,0.1155
0.4000926021195596,0.8259011255164553,0.11533333333333332
0.4008128408272456,0.8266134777033766,0.115
0.4008642864492232,0.8266134777033766,0.11499999999999998
0.4009414548821895,0.8266134777033766,0.11416666666666668
0.40104434612614465,0.8266134777033766,0.11416666666666667
0.401121514559111,0.8266134777033766,0.114
0.401121514559111,0.8267559481407608,0.11349999999999999
0.4013015742360325,0.8271833594529135,0.11333333333333334
0.4015845251569091,0.8273258298902978,0.11333333333333333
0.4016102479678979,0.8273258298902978,0.11266666666666665
0.4018160304558082,0.8273258298902978,0.1125
0.401841753266797,0.8273258298902978,0.11200000000000002
0.4019446445107521,0.8273258298902978,0.11183333333333334
0.40212470418767365,0.8273258298902978,0.11166666666666668
0.40227904105360635,0.827468300327682,0.11166666666666666
0.4023562094865727,0.827468300327682,0.11116666666666668
0.4023819322975615,0.8276107707650663,0.111
0.40243337791953904,0.8276107707650663,0.11083333333333334
0.40253626916349416,0.8276107707650663,0.11083333333333333
0.4026906060294269,0.8276107707650663,0.11016666666666668
0.4027420516514045,0.8276107707650663,0.11000000000000001
0.4201049490688342,0.8388659353184215,0.11
0.4201563946908118,0.8388659353184215,0.10999999999999999
0.4203621771787221,0.8388659353184215,0.10880952380952381
0.4203621771787221,0.8390084057558057,0.10866666666666668
0.4203878999897109,0.8390084057558057,0.10849999999999999
0.42043934561168844,0.8390084057558057,0.10833333333333334
0.4205165140446548,0.83915087619319,0.10833333333333332
0.4207222965325651,0.83915087619319,0.1075
0.4207480193435539,0.8392933466305742,0.10733333333333334
0.42077374215454266,0.8392933466305742,0.10733333333333332
0.42079946496553144,0.8394358170679584,0.10675000000000001
0.4209023562094866,0.8397207579427269,0.10666666666666667
0.4213396439962959,0.8398632283801112,0.10666666666666666
0.4214939808622286,0.8398632283801112,0.10614285714285714
0.4216225949171725,0.8400056988174953,0.106
0.42164831772816136,0.8400056988174953,0.10583333333333333
0.42167404053915014,0.8401481692548796,0.10583333333333332
0.42167404053915014,0.8402906396922638,0.10550000000000001
0.4226257845457352,0.841002991879185,0.105
0.4226257845457352,0.8411454623165693,0.10499999999999998
0.42267723016771275,0.8411454623165693,0.10433333333333333
0.4227543986006791,0.8411454623165693,0.10416666666666669
0.42280584422265666,0.8411454623165693,0.10416666666666666
0.42293445827760057,0.8411454623165693,0.10400000000000001
0.42298590389957813,0.8411454623165693,0.1035
0.4233717460644099,0.8414304031913378,0.10333333333333333
0.4237318654182529,0.841572873628722,0.10333333333333332
0.42380903385121926,0.841572873628722,0.10266666666666666
0.4238862022841856,0.8420002849408748,0.1025
0.42398909352814074,0.8420002849408748,0.102
0.4240148163391295,0.8420002849408748,0.10178571428571428
0.4241434303940735,0.8420002849408748,0.10166666666666668
0.42422059882703983,0.842142755378259,0.10166666666666666
0.4242463216380286,0.842142755378259,0.10099999999999999
0.42432349007099496,0.8422852258156432,0.10083333333333332
0.42434921288198374,0.8422852258156432,0.10066666666666667
0.4244006585039613,0.8422852258156432,0.1005
0.4425866858730322,0.8542527425559197,0.1
0.44261240868402096,0.8543952129933039,0.09999999999999998
0.4426638543059986,0.8543952129933039,0.09983333333333334
0.44274102273896493,0.8543952129933039,0.09916666666666668
0.4427924683609425,0.8543952129933039,0.09916666666666667
0.4429210824158864,0.8543952129933039,0.09845238095238094
0.44299825084885275,0.8543952129933039,0.09833333333333334
0.4430496964708303,0.8543952129933039,0.09816666666666667
0.4431268649037967,0.8543952129933039,0.09766666666666665
0.4434098158246733,0.8545376834306881,0.0975
0.4434612614466509,0.8545376834306881,0.09683333333333331
0.4435898755015948,0.8545376834306881,0.09666666666666668
0.4439499948554378,0.8546801538680724,0.09666666666666666
0.44402716328840414,0.8546801538680724,0.09600000000000002
0.4440786089103817,0.8546801538680724,0.096
0.44410433172137054,0.8546801538680724,0.09588095238095237
0.4441815001543369,0.8546801538680724,0.09583333333333333
0.44423294577631445,0.8546801538680724,0.09533333333333333
0.444284391398292,0.8546801538680724,0.09516666666666668
0.44554480913674244,0.8558199173671464,0.095
0.4455705319477313,0.8558199173671464,0.09480952380952379
0.44562197756970884,0.8558199173671464,0.09466666666666666
0.4456991460026752,0.8558199173671464,0.09416666666666668
0.4456991460026752,0.8559623878045306,0.09416666666666666
0.44572486881366397,0.8559623878045306,0.09404761904761905
0.4458277600576191,0.8559623878045306,0.094
0.4458277600576191,0.8561048582419148,0.09383333333333332
0.44587920567959666,0.8561048582419148,0.09366666666666668
0.4462136022224509,0.8562473286792991,0.09333333333333334
0.44641938471036113,0.8563897991166833,0.09333333333333332
0.4464965531433275,0.8563897991166833,0.09299999999999999
0.44652227595431626,0.8565322695540676,0.09283333333333334
0.4465479987653051,0.8565322695540676,0.09254761904761905
0.4469338409301368,0.8566747399914518,0.0925
0.4469338409301368,0.856817210428836,0.09233333333333334
0.4469852865521144,0.856817210428836,0.09183333333333332
0.447036732174092,0.856817210428836,0.09166666666666667
0.4471910690400247,0.8571021513036045,0.09166666666666666
0.44726823747299105,0.8571021513036045,0.09133333333333332
0.4473196830949686,0.8571021513036045,0.091
0.44739685152793496,0.8571021513036045,0.09083333333333334
0.4474997427718901,0.8571021513036045,0.09083333333333332
0.4475511883938677,0.8571021513036045,0.09066666666666666
0.44760263401584527,0.8571021513036045,0.09033333333333333
0.46879823027060397,0.8716341359167973,0.09
0.4689011215145591,0.8716341359167973,0.08933333333333333
0.46895256713653666,0.8716341359167973,0.08916666666666667
0.46905545838049184,0.8716341359167973,0.08883333333333333
0.4691069040024694,0.8716341359167973,0.08833333333333333
0.46931268649037966,0.8717766063541815,0.08833333333333332
0.46933840930136844,0.8719190767915658,0.08814285714285713
0.469389854923346,0.8719190767915658,0.08766666666666666
0.4694155777343348,0.8719190767915658,0.08761904761904761
0.4696470830332339,0.8722040176663343,0.0875
0.46967280584422266,0.8723464881037185,0.08733333333333335
0.4697242514662002,0.8723464881037185,0.087
0.4700072023870769,0.8727738994158712,0.08666666666666668
0.4702644304969647,0.8729163698532555,0.08666666666666666
0.4702644304969647,0.8730588402906397,0.08649999999999998
0.47031587611894227,0.8730588402906397,0.086
0.4704187673628974,0.8730588402906397,0.08583333333333332
0.4705216586068526,0.8730588402906397,0.08533333333333333
0.47054738141784136,0.8730588402906397,0.08500000000000002
0.47185924477826935,0.8741986037897136,0.085
0.47188496758925813,0.8743410742270978,0.08433333333333333
0.47188496758925813,0.8746260151018663,0.08416666666666667
0.4719106904002469,0.8746260151018663,0.08404761904761905
0.472142195699146,0.8746260151018663,0.08333333333333334
0.47257948348595535,0.8746260151018663,0.08333333333333331
0.4726566519189217,0.8746260151018663,0.08266666666666665
0.4727852659738656,0.8750534264140191,0.0825
0.4728109887848544,0.8750534264140191,0.08238095238095237
0.47286243440683196,0.8750534264140191,0.08199999999999999
0.47293960283979836,0.8750534264140191,0.08166666666666668
0.4731453853277086,0.8750534264140191,0.08166666666666667
0.4732997221936413,0.8750534264140191,0.08016666666666666
0.49516411153410844,0.8847414161561477,0.08
0.495215557156086,0.8847414161561477,0.07983333333333334
0.49529272558905235,0.8847414161561477,0.07966666666666666
0.4953441712110299,0.8847414161561477,0.07933333333333333
0.4955499536989402,0.8847414161561477,0.07916666666666666
0.495575676509929,0.8847414161561477,0.07902380952380951
0.4956271221319066,0.8848838865935318,0.079
0.49567856775388414,0.8848838865935318,0.07883333333333332
0.4957557361868505,0.8848838865935318,0.07857142857142857
0.49580718180882805,0.885026357030916,0.07833333333333334
0.49603868710772714,0.885026357030916,0.07833333333333332
0.4961158555406935,0.885026357030916,0.07783333333333332
0.49616730116267105,0.885026357030916,0.07766666666666666
0.49652742051651405,0.885026357030916,0.0775
0.49655314332750283,0.885026357030916,0.07738095238095238
0.49665603457145796,0.885026357030916,0.07733333333333334
0.4967074801934355,0.885026357030916,0.07683333333333334
0.4969904311143122,0.885026357030916,0.07666666666666667
0.4972733820351888,0.8851688274683003,0.07666666666666666
0.4973248276571664,0.8851688274683003,0.07600000000000001
0.4974534417121103,0.8854537683430688,0.076
0.497607778578043,0.885596238780453,0.07583333333333334
0.49765922420002057,0.885596238780453,0.0757142857142857
0.49768494701100935,0.885596238780453,0.07500000000000001
0.4987653050725383,0.8865935318421427,0.075
0.4988681963164935,0.8865935318421427,0.07416666666666666
0.49904825599341496,0.886736002279527,0.07400000000000001
0.4990997016153925,0.886736002279527,0.0735
0.49971704907912334,0.8870209431542955,0.07333333333333333
0.4997427718901121,0.8870209431542955,0.07316666666666666
0.49979421751208974,0.8870209431542955,0.073
0.4998713859450561,0.8870209431542955,0.07266666666666666
0.5001028912439551,0.8871634135916797,0.0725
0.5001286140549439,0.887305884029064,0.07233333333333333
0.5001543368659327,0.887305884029064,0.07216666666666667
0.5002057824879103,0.887305884029064,0.07200000000000001
0.500231505298899,0.887305884029064,0.072
0.5005916246527421,0.887305884029064,0.07166666666666666
0.5006173474637309,0.887305884029064,0.07116666666666667
0.5006945158966972,0.887305884029064,0.071
0.5007459615186748,0.887305884029064,0.07083333333333335
0.5008488527626299,0.8874483544664482,0.07083333333333333
0.5009260211955963,0.8874483544664482,0.07033333333333333
0.5244623932503344,0.8978486963954979,0.07
0.524513838872312,0.8979911668328822,0.06999999999999999
0.5246424529272559,0.8979911668328822,0.06916666666666667
0.5246938985492334,0.8981336372702664,0.06916666666666665
0.524745344171211,0.8981336372702664,0.069
0.5248225126041773,0.8981336372702664,0.06849999999999999
0.5249511266591214,0.8982761077076507,0.06833333333333333
0.5249511266591214,0.8984185781450349,0.068
0.5249768494701101,0.8984185781450349,0.06766666666666667
0.5251569091470316,0.8985610485824191,0.0675
0.5252598003909867,0.8985610485824191,0.067
0.5252855232019755,0.8985610485824191,0.06683333333333333
0.5260057619096615,0.8991309303319561,0.06666666666666667
0.5260829303426279,0.8991309303319561,0.06616666666666667
0.5262115443975718,0.8991309303319561,0.066
0.5262372672085606,0.8991309303319561,0.06583333333333334
0.5263144356415269,0.8992734007693404,0.06583333333333333
0.5263658812635045,0.8992734007693404,0.06516666666666666
0.5280893095997531,0.9004131642684143,0.065
0.5281922008437082,0.9004131642684143,0.06433333333333333
0.5282693692766746,0.9004131642684143,0.06416666666666666
0.5283722605206297,0.9004131642684143,0.064
0.5283722605206297,0.9005556347057986,0.06380952380952382
0.5284237061426073,0.9005556347057986,0.06366666666666668
0.5286552114415063,0.9006981051431828,0.06333333333333334
0.5290667764173269,0.9012679868927198,0.06333333333333332
0.5291439448502933,0.9012679868927198,0.06283333333333334
0.5292211132832596,0.9012679868927198,0.06266666666666666
0.5292468360942484,0.9012679868927198,0.06250000000000001
0.5296584010700689,0.9012679868927198,0.0625
0.5298127379360017,0.9012679868927198,0.061833333333333323
0.5298641835579793,0.901410457330104,0.06166666666666667
0.5300699660458895,0.9015529277674883,0.06166666666666666
0.5301214116678671,0.9015529277674883,0.061000000000000006
0.5302243029118222,0.9015529277674883,0.061
0.530250025722811,0.9015529277674883,0.060833333333333336
0.5303014713447886,0.9015529277674883,0.06083333333333333
0.5304043625887437,0.9015529277674883,0.06016666666666667
0.5304558082107212,0.9015529277674883,0.06000000000000001
0.5574133141269678,0.9130930331956119,0.06
0.5574647597489454,0.9130930331956119,0.05999999999999999
0.5575419281819117,0.9130930331956119,0.059333333333333335
0.5575933738038893,0.9130930331956119,0.05916666666666667
0.5576705422368556,0.9130930331956119,0.05916666666666666
0.5576962650478444,0.9132355036329961,0.059000000000000004
0.557747710669822,0.9132355036329961,0.058666666666666666
0.5578248791027883,0.9132355036329961,0.05833333333333334
0.5580563844016874,0.9133779740703803,0.05833333333333333
0.5580563844016874,0.9135204445077646,0.058285714285714295
0.5581335528346538,0.9135204445077646,0.057999999999999996
0.5581592756456426,0.9136629149451488,0.057833333333333334
0.5582107212676202,0.9136629149451488,0.057666666666666665
0.558467949377508,0.9139478558199173,0.0575
0.5585193949994856,0.9140903262573016,0.05733333333333333
0.5585451178104743,0.9140903262573016,0.05716666666666667
0.5586737318654182,0.9140903262573016,0.057
0.5588280687313509,0.9145177375694543,0.05666666666666667
0.5593939705731042,0.9146602080068386,0.056666666666666664
0.5594454161950818,0.9146602080068386,0.05633333333333334
0.5594968618170594,0.9146602080068386,0.056333333333333326
0.5595225846280482,0.9146602080068386,0.05600000000000001
0.5595997530610145,0.9148026784442228,0.055999999999999994
0.5596511986829921,0.9148026784442228,0.0555
0.5610145076653976,0.9159424419432968,0.055
0.5610402304763865,0.9159424419432968,0.05499999999999999
0.5610659532873753,0.916084912380681,0.05483333333333333
0.5610916760983641,0.916084912380681,0.05433333333333334
0.561220290153308,0.916084912380681,0.05416666666666666
0.5613231813972631,0.916084912380681,0.05375
0.5613746270192407,0.916084912380681,0.0535
0.5617347463730836,0.916084912380681,0.05333333333333334
0.5620948657269267,0.9163698532554495,0.05333333333333333
0.5620948657269267,0.9165123236928338,0.05266666666666666
0.5624292622697808,0.9170822054423707,0.0525
0.5625064307027472,0.9170822054423707,0.052000000000000005
0.562532153513736,0.9170822054423707,0.05199999999999999
0.5626350447576911,0.9170822054423707,0.051666666666666666
0.5629179956785677,0.917224675879755,0.05166666666666666
0.5629694413005453,0.917224675879755,0.051
0.5630466097335117,0.917224675879755,0.05083333333333333
0.5631752237884556,0.917224675879755,0.050166666666666665
0.5928079020475358,0.9299045448069525,0.05
0.5928850704805021,0.9299045448069525,0.0495
0.5929365161024797,0.9299045448069525,0.04933333333333333
0.5929622389134684,0.9300470152443367,0.049333333333333326
0.5929622389134684,0.930189485681721,0.04916666666666667
0.5931165757794011,0.930189485681721,0.049
0.5933480810783003,0.9303319561191052,0.04833333333333334
0.5936310319991769,0.9306168969938737,0.04833333333333333
0.5936824776211544,0.930759367431258,0.048
0.5937853688651096,0.930759367431258,0.04750000000000001
0.5941454882189525,0.930759367431258,0.0475
0.5942226566519189,0.930759367431258,0.047
0.5945313303837844,0.930759367431258,0.04666666666666667
0.5952001234694927,0.9309018378686422,0.04666666666666666
0.5952515690914704,0.9309018378686422,0.04650000000000001
0.5952772919024591,0.9309018378686422,0.04633333333333333
0.5954316287683918,0.9310443083060265,0.046
0.5954830743903694,0.9310443083060265,0.045714285714285714
0.5955859656343245,0.9310443083060265,0.04566666666666666
0.5956116884453133,0.9310443083060265,0.04541666666666666
0.5977209589463937,0.9320416013677162,0.045
0.5978752958123263,0.9320416013677162,0.04416666666666667
0.5980039098672703,0.9323265422424847,0.04416666666666666
0.5981325239222142,0.9323265422424847,0.044000000000000004
0.5981582467332031,0.9323265422424847,0.04383333333333333
0.5981839695441918,0.9324690126798689,0.04366666666666667
0.5983640292211133,0.9324690126798689,0.04333333333333334
0.5990070994958329,0.9326114831172532,0.04333333333333333
0.5990585451178104,0.9326114831172532,0.043166666666666666
0.599109990739788,0.9326114831172532,0.042833333333333334
0.599470110093631,0.9326114831172532,0.0425
0.5995215557156086,0.9326114831172532,0.042333333333333334
0.5995472785265974,0.9326114831172532,0.04214285714285714
0.5997016153925301,0.9326114831172532,0.042
0.5997530610145076,0.9326114831172532,0.04166666666666667
0.5999588435024179,0.9326114831172532,0.04166666666666666
0.6000102891243955,0.9326114831172532,0.0415
0.6000360119353843,0.9326114831172532,0.04130952380952382
0.6001131803683507,0.9326114831172532,0.040999999999999995
0.6001389031793395,0.9326114831172532,0.04083333333333334
0.6001646259903283,0.9327539535546374,0.04083333333333333
0.6002160716123058,0.9327539535546374,0.04066666666666666
0.6002675172342834,0.9327539535546374,0.04041666666666667
0.6327811503241074,0.9430118250463029,0.04
0.6328840415680625,0.9430118250463029,0.03916666666666667
0.6329612100010289,0.9431542954836871,0.03916666666666666
0.6329869328120177,0.9431542954836871,0.039
0.6330383784339952,0.9431542954836871,0.03875
0.6330898240559728,0.9431542954836871,0.0385
0.6331669924889392,0.9431542954836871,0.03833333333333334
0.6335013890317934,0.9432967659210714,0.03833333333333333
0.6335785574647598,0.9432967659210714,0.038
0.6336042802757486,0.9432967659210714,0.03783333333333333
0.6336557258977261,0.9434392363584556,0.03766666666666667
0.6339901224405803,0.9434392363584556,0.0375
0.6340158452515691,0.9435817067958399,0.037333333333333336
0.6340415680625578,0.9435817067958399,0.037142857142857144
0.6347875295812326,0.9438666476706083,0.03666666666666667
0.6348389752032102,0.9438666476706083,0.0365
0.6348904208251878,0.9440091181079926,0.036000000000000004
0.6350447576911205,0.9440091181079926,0.03583333333333333
0.6350704805021092,0.9440091181079926,0.03571428571428571
0.635096203313098,0.9441515885453768,0.035666666666666666
0.6351219261240868,0.9441515885453768,0.0355
0.637128305381212,0.9452913520444508,0.035
0.6371540281922008,0.9452913520444508,0.034999999999999996
0.6372054738141784,0.9452913520444508,0.034666666666666665
0.6372311966251673,0.9452913520444508,0.034333333333333334
0.6373855334910999,0.9452913520444508,0.034166666666666665
0.6374369791130775,0.9452913520444508,0.034
0.6374627019240663,0.9452913520444508,0.0335
0.6385945056075728,0.9461461746687563,0.03333333333333333
0.6386202284185616,0.9461461746687563,0.03266666666666666
0.6390317933943821,0.9461461746687563,0.0325
0.6390575162053709,0.9461461746687563,0.032214285714285716
0.6391346846383372,0.9462886451061405,0.032
0.6394948039921803,0.9462886451061405,0.03166666666666666
0.6395462496141578,0.9462886451061405,0.031166666666666665
0.6395976952361354,0.9462886451061405,0.031
0.6397005864800905,0.9464311155435248,0.030833333333333334
0.6397263092910793,0.9464311155435248,0.03083333333333333
0.6398292005350344,0.9464311155435248,0.0305
0.6796738347566622,0.9562615757230375,0.03
0.6797510031896286,0.9562615757230375,0.029333333333333336
0.6798024488116061,0.9562615757230375,0.029333333333333333
0.6799053400555612,0.9562615757230375,0.029166666666666664
0.6799567856775388,0.9562615757230375,0.028999999999999998
0.6799825084885276,0.9562615757230375,0.028666666666666667
0.6800082312995164,0.9564040461604217,0.028666666666666663
0.6801368453544603,0.956546516597806,0.028333333333333335
0.6803683506533594,0.956546516597806,0.028333333333333332
0.6803940734643482,0.956546516597806,0.028214285714285713
0.6804969647083033,0.956546516597806,0.027999999999999997
0.6805226875192921,0.956546516597806,0.027666666666666666
0.6808056384401687,0.9568314574725745,0.0275
0.6808313612511575,0.9568314574725745,0.02738095238095238
0.6808313612511575,0.9569739279099587,0.027333333333333334
0.6808570840621463,0.9569739279099587,0.027000000000000003
0.6809085296841239,0.9569739279099587,0.02666666666666667
0.6818088280687313,0.9574013392221115,0.026666666666666665
0.6818345508797201,0.9574013392221115,0.0265
0.6819888877456528,0.9574013392221115,0.026000000000000002
0.6820146105566416,0.9575438096594957,0.025833333333333333
0.6820660561786192,0.95768628009688,0.02583333333333333
0.6820917789896079,0.95768628009688,0.02571428571428571
0.6821946702335632,0.95768628009688,0.025333333333333333
0.6845354460335425,0.9581136914090326,0.025
0.6845868916555201,0.9581136914090326,0.024333333333333332
0.6846383372774977,0.9581136914090326,0.02428571428571429
0.6847926741434304,0.9581136914090326,0.024
0.6848183969544192,0.9581136914090326,0.0235
0.6849984566313406,0.9585411027211853,0.023333333333333334
0.6857701409610042,0.9592534549081065,0.02333333333333333
0.685795863771993,0.9592534549081065,0.023095238095238092
0.6861817059368248,0.959538395782875,0.0225
0.6861817059368248,0.9596808662202593,0.022333333333333334
0.6862588743697912,0.9596808662202593,0.022000000000000002
0.6867218849675892,0.9596808662202593,0.021666666666666664
0.686747607778578,0.9596808662202593,0.0215
0.6867990534005556,0.9596808662202593,0.02083333333333333
0.6868762218335219,0.9596808662202593,0.020333333333333335
0.7385019034880131,0.9703661490240775,0.02
0.7386047947319683,0.9703661490240775,0.019999999999999997
0.738630517542957,0.9703661490240775,0.01933333333333333
0.7387076859759234,0.9703661490240775,0.019166666666666665
0.7387848544088899,0.9703661490240775,0.018666666666666668
0.7391706965737216,0.9705086194614617,0.018333333333333333
0.7391964193847104,0.9705086194614617,0.01833333333333333
0.7393507562506431,0.9705086194614617,0.018000000000000002
0.7397880440374525,0.9705086194614617,0.0175
0.7398137668484412,0.9705086194614617,0.017499999999999998
0.7398652124704188,0.9705086194614617,0.017333333333333333
0.7410484617759029,0.9713634420857672,0.016666666666666666
0.7410741845868917,0.9713634420857672,0.0165
0.7412799670748019,0.9713634420857672,0.016
0.741382858318757,0.9713634420857672,0.01583333333333333
0.7414085811297458,0.9713634420857672,0.015333333333333332
0.7443924272044449,0.9717908533979199,0.015
0.7444438728264224,0.9717908533979199,0.014285714285714285
0.7445210412593888,0.9717908533979199,0.014166666666666666
0.7448039921802655,0.9719333238353042,0.013999999999999999
0.7448297149912543,0.9719333238353042,0.01380952380952381
0.7462187467846486,0.9719333238353042,0.013333333333333332
0.7462444695956374,0.9719333238353042,0.012666666666666666
0.7467332030044244,0.9722182647100727,0.0125
0.7467589258154131,0.9722182647100727,0.012
0.7468103714373907,0.9722182647100727,0.011666666666666667
0.7470675995472785,0.9722182647100727,0.011666666666666665
0.7470933223582673,0.9722182647100727,0.011428571428571429
0.7471704907912337,0.9722182647100727,0.011333333333333332
0.7472219364132112,0.9722182647100727,0.010833333333333332
0.7472733820351888,0.9722182647100727,0.010333333333333332
0.8202232739993827,0.9857529562615758,0.01
0.8203261652433378,0.9857529562615758,0.009000000000000001
0.8203518880543266,0.98589542669896,0.008666666666666666
0.8207120074081695,0.98589542669896,0.008333333333333333
0.8208920670850911,0.98589542669896,0.008
0.8214579689268443,0.98589542669896,0.0075
0.8214836917378331,0.98589542669896,0.007142857142857143
0.8227955550982612,0.9864653084484969,0.006666666666666666
0.8230013375861714,0.9864653084484969,0.006
0.823052783208149,0.9864653084484969,0.005833333333333333
0.8263453030147134,0.9871776606354181,0.005
0.8263710258257022,0.9871776606354181,0.004285714285714285
0.8267054223685565,0.9871776606354181,0.004
0.8277857804300854,0.9877475423849551,0.003333333333333333
0.8282745138388723,0.9877475423849551,0.0025
0.8284031278938162,0.9877475423849551,0.002
0.828428850704805,0.9877475423849551,0.0014285714285714286
1.0,1.0,0.0
