threshold,precision,recall,specificity,f1,true_negatives,false_positives,false_negatives,true_positives
0.1,0.2762875536480687,0.8804673030346203,0.5835991357135508,0.42059414026610403,22688,16188,839,6180
0.15,0.32193548387096776,0.7820202308021086,0.7026185821586582,0.4561053637458972,27315,11561,1530,5489
0.2,0.36286536422838106,0.6827183359452913,0.7835682683403642,0.4738689740420272,30462,8414,2227,4792
0.25,0.4007866273352999,0.5807095027781736,0.843245189834345,0.4742567921345046,32782,6094,2943,4076
0.3,0.43464810518174785,0.4804103148596666,0.8871797510031896,0.4563849225147188,34490,4386,3647,3372
0.35,0.47372060857538034,0.3903689984328252,0.9216997633501389,0.428024681715223,35832,3044,4279,2740
0.4,0.5135198683282389,0.3111554352471862,0.9467795040642042,0.3875088715400994,36807,2069,4835,2184
0.45,0.5515171723907969,0.23564610343353753,0.9654028192200844,0.33020562986624075,37531,1345,5365,1654
0.5,0.5875127942681678,0.1635560621171107,0.9792674143430394,0.2558787473531706,38070,806,5871,1148
0.55,0.6250962278675904,0.11568599515600513,0.9874729910484618,0.19523924020197161,38389,487,6207,812
0.6,0.6603535353535354,0.07451203875195897,0.9930805638440169,0.13391371143259506,38607,269,6496,523
0.65,0.6895674300254453,0.03860948853112979,0.9968618170593683,0.07312466270912034,38754,122,6748,271
0.7,0.7456140350877193,0.012109987177660635,0.9992540384813252,0.02383288938735455,38847,29,6934,85
0.75,0.8181818181818182,0.001282233936458185,0.9999485543780224,0.0025604551920341396,38874,2,7010,9
0.8,1.0,0.00014247043738424277,1.0,0.0002849002849002849,38876,0,7018,1
0.85,0.0,0.0,1.0,0.0,38876,0,7019,0
0.9,0.0,0.0,1.0,0.0,38876,0,7019,0
