category,count,label,percentage,dataset_variant
1,5511,18–24,2.401579263881747,unique_profile_v1
2,7064,25–29,3.0783443875994667,unique_profile_v1
3,10023,30–34,4.36781509016272,unique_profile_v1
4,12229,35–39,5.329144042462327,unique_profile_v1
5,14040,40–44,6.118340204118986,unique_profile_v1
6,17280,45–49,7.530264866607982,unique_profile_v1
7,23121,50–54,10.075651272039533,unique_profile_v1
8,27272,55–59,11.884570801049357,unique_profile_v1
9,29678,60–64,12.933055596712482,unique_profile_v1
10,29093,65–69,12.67812475487419,unique_profile_v1
11,21993,70–74,9.58409231546929,unique_profile_v1
12,15379,75–79,6.701848575437739,unique_profile_v1
13,16791,80+,7.31716882958418,unique_profile_v1
